unique_id,ds,y,NBeatsMoe,NBEATS,NBeatsStackMoe,SeasonalNaive,is_anomaly,anomaly_status
ID0,1992-12-31,453627.0,445432.6,447017.66,431190.66,426751.0,0,Non-anomalies
ID0,1993-12-31,553400.0,454508.06,502079.56,458326.2,426751.0,0,Non-anomalies
ID1,1995-12-31,419245.0,462569.28,457918.4,468421.8,451875.0,0,Non-anomalies
ID1,1996-12-31,384040.0,477911.12,488512.4,493212.72,451875.0,0,Non-anomalies
ID10,1996-12-31,8025.0,7422.746,7275.2617,7427.406,7168.0,0,Non-anomalies
ID10,1997-12-31,8447.0,7746.0557,7875.9917,7796.06,7168.0,1,Anomalies
ID100,1989-12-31,118.0,118.934746,109.920975,112.56915,109.0,0,Non-anomalies
ID100,1990-12-31,126.0,120.74394,116.847374,119.03116,109.0,0,Non-anomalies
ID101,1992-12-31,88.30000305175781,87.48645,87.343636,88.19298,85.19999694824219,0,Non-anomalies
ID101,1993-12-31,92.4000015258789,87.68769,94.78631,92.44468,85.19999694824219,0,Non-anomalies
ID102,1979-12-31,336577.0,343250.66,336405.6,336743.16,326528.0,0,Non-anomalies
ID102,1980-12-31,356556.0,356499.72,370611.5,353753.47,326528.0,0,Non-anomalies
ID103,1979-12-31,98994.0,93089.164,93474.875,91697.83,91203.0,0,Non-anomalies
ID103,1980-12-31,107238.0,94980.0,106929.086,98440.08,91203.0,0,Non-anomalies
ID104,1979-12-31,85739.0,89942.76,90000.67,87638.6,85917.0,0,Non-anomalies
ID104,1980-12-31,93951.0,91585.01,100063.95,92411.53,85917.0,0,Non-anomalies
ID105,1979-12-31,1771.0,4698.3687,5191.4424,3907.592,3794.0,0,Non-anomalies
ID105,1980-12-31,6347.0,4087.7734,9967.244,3762.7834,3794.0,0,Non-anomalies
ID106,1979-12-31,28575.0,29055.43,28448.61,28612.178,27244.0,0,Non-anomalies
ID106,1980-12-31,30278.0,30030.895,30012.61,29900.062,27244.0,0,Non-anomalies
ID107,1979-12-31,430129.0,438161.2,427512.16,441035.2,417093.0,0,Non-anomalies
ID107,1980-12-31,460613.0,451378.8,455540.72,459248.28,417093.0,0,Non-anomalies
ID108,1990-12-31,38.95000076293945,31.770037,33.727516,34.12707,31.59000015258789,0,Non-anomalies
ID108,1991-12-31,41.41999816894531,31.150236,34.368652,34.801025,31.59000015258789,0,Non-anomalies
ID109,1982-12-31,530.0,536.55695,494.36728,507.47144,494.0,0,Non-anomalies
ID109,1983-12-31,598.0,548.1088,532.2112,538.07,494.0,0,Non-anomalies
ID11,2002-12-31,1425000.0,1366505.0,1328147.9,1371355.0,1334710.0,0,Non-anomalies
ID11,2003-12-31,1711840.0,1406957.4,1437461.9,1451461.5,1334710.0,1,Anomalies
ID110,1982-12-31,532.0,506.03925,466.07812,478.71988,466.0,0,Non-anomalies
ID110,1983-12-31,569.0,516.8942,501.6596,507.6062,466.0,0,Non-anomalies
ID111,2005-12-31,834.9000244140625,843.77264,848.29175,850.3107,815.9000244140625,0,Non-anomalies
ID111,2006-12-31,858.0999755859375,859.65985,922.7185,884.2579,815.9000244140625,1,Anomalies
ID112,1983-12-31,5.400000095367432,4.458788,5.51975,5.200331,5.0,0,Non-anomalies
ID112,1984-12-31,5.599999904632568,5.762883,5.428882,5.4348073,5.0,0,Non-anomalies
ID113,1983-12-31,9.5,9.27905,9.300567,9.326523,9.100000381469727,0,Non-anomalies
ID113,1984-12-31,10.100000381469727,11.012103,9.71143,9.90662,9.100000381469727,0,Non-anomalies
ID114,1983-12-31,123.30000305175781,120.36011,121.34881,122.853745,119.19999694824219,0,Non-anomalies
ID114,1984-12-31,131.5,123.08145,132.5135,129.34111,119.19999694824219,0,Non-anomalies
ID115,1983-12-31,61.29999923706055,62.0672,58.332584,59.620586,58.20000076293945,0,Non-anomalies
ID115,1984-12-31,63.099998474121094,64.61368,63.747997,63.26942,58.20000076293945,0,Non-anomalies
ID116,1983-12-31,20.200000762939453,22.199642,19.550257,20.008057,19.5,0,Non-anomalies
ID116,1984-12-31,22.100000381469727,23.98765,20.656448,21.332832,19.5,0,Non-anomalies
ID117,1983-12-31,10.399999618530273,10.967575,10.331982,10.5234785,10.300000190734863,0,Non-anomalies
ID117,1984-12-31,11.300000190734863,12.688499,10.767736,11.220092,10.300000190734863,0,Non-anomalies
ID118,1983-12-31,5.5,4.7224636,5.2988987,5.283601,5.099999904632568,0,Non-anomalies
ID118,1984-12-31,6.0,5.642766,5.4582677,5.58231,5.099999904632568,0,Non-anomalies
ID119,1983-12-31,7.0,6.619851,6.9445825,7.126618,6.800000190734863,0,Non-anomalies
ID119,1984-12-31,7.400000095367432,7.881227,7.120602,7.4696813,6.800000190734863,0,Non-anomalies
ID12,2026-12-31,50558.0,56028.168,56087.918,56303.81,52735.0,0,Non-anomalies
ID12,2027-12-31,50423.0,58068.785,58546.574,58425.855,52735.0,0,Non-anomalies
ID120,1983-12-31,7.300000190734863,6.860018,7.1395726,7.325734,7.0,0,Non-anomalies
ID120,1984-12-31,7.699999809265137,8.125185,7.3288364,7.688457,7.0,0,Non-anomalies
ID121,1983-12-31,3.9000000953674316,3.0889447,4.068898,3.769571,3.700000047683716,0,Non-anomalies
ID121,1984-12-31,4.199999809265137,4.6250353,4.024815,4.0312595,3.700000047683716,0,Non-anomalies
ID122,1974-12-31,71.16999816894531,69.33926,69.605484,71.754715,69.18000030517578,0,Non-anomalies
ID122,1975-12-31,74.51000213623047,72.0708,74.5843,75.5358,69.18000030517578,0,Non-anomalies
ID123,1979-12-31,25.229999542236328,26.548946,23.892714,24.543795,23.389999389648438,0,Non-anomalies
ID123,1980-12-31,27.649999618530273,28.581703,24.684393,26.052984,23.389999389648438,0,Non-anomalies
ID124,1979-12-31,16.68000030517578,18.76336,15.983105,15.854353,15.739999771118164,0,Non-anomalies
ID124,1980-12-31,17.700000762939453,20.388699,17.699322,17.124004,15.739999771118164,0,Non-anomalies
ID125,1979-12-31,19.25,20.60399,17.103506,17.22792,17.100000381469727,0,Non-anomalies
ID125,1980-12-31,22.09000015258789,22.234894,19.037867,18.606562,17.100000381469727,0,Non-anomalies
ID126,1979-12-31,89.16000366210938,86.33506,86.40102,89.828026,83.44000244140625,0,Non-anomalies
ID126,1980-12-31,95.6500015258789,90.6815,88.72416,93.85609,83.44000244140625,0,Non-anomalies
ID127,1979-12-31,19.8700008392334,20.923363,20.017838,19.585165,19.31999969482422,0,Non-anomalies
ID127,1980-12-31,19.84000015258789,21.48767,21.862427,20.922659,19.31999969482422,0,Non-anomalies
ID128,1979-12-31,30.579999923706055,32.276485,30.673346,31.140564,29.209999084472656,0,Non-anomalies
ID128,1980-12-31,32.689998626708984,34.328514,31.075058,32.73518,29.209999084472656,0,Non-anomalies
ID129,1979-12-31,23.280000686645508,23.93257,19.923574,20.50114,20.170000076293945,1,Anomalies
ID129,1980-12-31,25.6299991607666,25.66889,21.487892,21.993917,20.170000076293945,1,Anomalies
ID13,1995-12-31,815451.0,864517.5,879303.2,846200.8,836680.0,0,Non-anomalies
ID13,1996-12-31,866498.0,900368.44,986894.5,896923.8,836680.0,0,Non-anomalies
ID130,1979-12-31,35.189998626708984,36.546837,30.31758,31.461025,30.860000610351562,0,Non-anomalies
ID130,1980-12-31,38.93000030517578,38.50809,32.495033,33.640682,30.860000610351562,1,Anomalies
ID131,1979-12-31,71489.0,73232.23,72201.95,72436.85,69530.0,0,Non-anomalies
ID131,1980-12-31,73782.0,76713.016,78592.02,75387.305,69530.0,0,Non-anomalies
ID132,1979-12-31,30063.0,30771.713,30445.719,30287.832,29403.0,0,Non-anomalies
ID132,1980-12-31,31860.0,31741.479,33632.86,31791.648,29403.0,0,Non-anomalies
ID133,1979-12-31,48567.0,48266.766,47052.543,47824.43,46171.0,0,Non-anomalies
ID133,1980-12-31,51835.0,50445.22,51162.24,50183.355,46171.0,0,Non-anomalies
ID134,1979-12-31,35278.0,39249.6,38073.79,37209.52,36668.0,0,Non-anomalies
ID134,1980-12-31,40034.0,40827.44,42707.457,39536.832,36668.0,0,Non-anomalies
ID135,1979-12-31,48992.0,46607.387,48824.31,47364.42,45946.0,0,Non-anomalies
ID135,1980-12-31,52950.0,50451.805,53364.65,48574.574,45946.0,0,Non-anomalies
ID136,1979-12-31,50002.0,46147.277,45386.91,46820.023,45257.0,0,Non-anomalies
ID136,1980-12-31,54288.0,47833.53,48604.504,49299.22,45257.0,0,Non-anomalies
ID137,1979-12-31,24073.0,24370.44,25219.691,24176.012,23965.0,0,Non-anomalies
ID137,1980-12-31,26875.0,25966.63,28737.54,25686.258,23965.0,0,Non-anomalies
ID138,1979-12-31,28647.0,30818.85,31091.908,30968.605,30283.0,0,Non-anomalies
ID138,1980-12-31,32460.0,31873.225,34743.383,32803.715,30283.0,0,Non-anomalies
ID139,1979-12-31,49.79999923706055,51.158024,48.12478,49.470013,48.0,0,Non-anomalies
ID139,1980-12-31,52.5,54.341667,51.75433,52.31173,48.0,0,Non-anomalies
ID14,1987-12-31,1015.7999877929688,934.0893,924.0862,932.3653,911.5,0,Non-anomalies
ID14,1988-12-31,1041.9000244140625,960.3922,1028.8322,989.1017,911.5,0,Non-anomalies
ID140,1993-12-31,30178100.0,28304784.0,28129352.0,27503284.0,26876200.0,0,Non-anomalies
ID140,1994-12-31,31441200.0,29692814.0,31208242.0,28915766.0,26876200.0,0,Non-anomalies
ID141,1979-12-31,4914.0,4955.6577,4961.1777,4927.756,4754.0,0,Non-anomalies
ID141,1980-12-31,5141.0,5064.4873,5430.752,5125.8574,4754.0,0,Non-anomalies
ID142,1979-12-31,1973.0,2001.1102,1971.0311,2022.692,1895.0,0,Non-anomalies
ID142,1980-12-31,2017.0,2098.908,2061.4563,2106.1174,1895.0,0,Non-anomalies
ID143,1979-12-31,1775.0,1692.048,1707.7151,1691.5779,1660.0,0,Non-anomalies
ID143,1980-12-31,1955.0,1744.7262,1914.6681,1795.9752,1660.0,0,Non-anomalies
ID144,1979-12-31,1565.0,1666.0063,1647.3092,1615.0294,1588.0,0,Non-anomalies
ID144,1980-12-31,1654.0,1724.7839,1843.2808,1713.9019,1588.0,0,Non-anomalies
ID145,1979-12-31,1683.0,1667.3527,1615.9199,1652.3177,1583.0,0,Non-anomalies
ID145,1980-12-31,1804.0,1747.377,1738.1881,1725.1803,1583.0,0,Non-anomalies
ID146,1979-12-31,2952.0,2748.5137,2745.3557,2782.0266,2701.0,0,Non-anomalies
ID146,1980-12-31,3165.0,2851.4436,3012.97,2933.701,2701.0,0,Non-anomalies
ID147,1979-12-31,829.0,771.5635,794.7953,801.6897,750.0,0,Non-anomalies
ID147,1980-12-31,891.0,800.63116,829.0141,833.03107,750.0,0,Non-anomalies
ID148,1979-12-31,1422.0,1255.4672,1238.1381,1273.2394,1227.0,0,Non-anomalies
ID148,1980-12-31,1549.0,1299.2489,1318.0391,1338.7422,1227.0,1,Anomalies
ID149,1979-12-31,2368.0,2186.026,2163.554,2226.8525,2143.0,0,Non-anomalies
ID149,1980-12-31,2291.0,2268.8486,2300.8875,2338.03,2143.0,0,Non-anomalies
ID15,1992-12-31,8.350000381469727,8.142621,8.482388,8.398049,8.180000305175781,0,Non-anomalies
ID15,1993-12-31,8.579999923706055,9.82591,8.910504,8.892398,8.180000305175781,0,Non-anomalies
ID150,1979-12-31,2060.0,2087.5576,2031.3047,2094.3062,2016.0,0,Non-anomalies
ID150,1980-12-31,2045.0,2177.8389,2169.298,2195.9836,2016.0,0,Non-anomalies
ID151,1980-12-31,98.0,101.76508,100.41283,103.84146,97.0,0,Non-anomalies
ID151,1981-12-31,142.0,101.06523,103.38847,105.89116,97.0,0,Non-anomalies
ID152,1902-12-31,36340.0,37373.84,38146.176,38023.82,36300.0,0,Non-anomalies
ID152,1903-12-31,36500.0,39412.027,41478.047,39344.508,36300.0,0,Non-anomalies
ID153,1902-12-31,307.0,290.86432,299.23746,306.30057,290.0,0,Non-anomalies
ID153,1903-12-31,298.0,295.38657,322.01437,319.3666,290.0,0,Non-anomalies
ID154,1980-12-31,2074.0,1684.021,1951.7181,1616.9835,1602.0,0,Non-anomalies
ID154,1981-12-31,1546.0,1789.2286,2607.2197,1737.478,1602.0,0,Non-anomalies
ID155,1902-12-31,496.0,483.042,507.3831,493.37903,482.0,0,Non-anomalies
ID155,1903-12-31,522.0,484.23627,560.8713,513.81366,482.0,0,Non-anomalies
ID156,1902-12-31,432.0,457.5446,447.1276,461.70172,428.0,0,Non-anomalies
ID156,1903-12-31,492.0,451.76117,457.95038,468.508,428.0,0,Non-anomalies
ID157,1902-12-31,443.0,459.60837,455.0375,466.30035,431.0,0,Non-anomalies
ID157,1903-12-31,487.0,451.99686,465.30875,480.24786,431.0,0,Non-anomalies
ID158,1902-12-31,874.0,918.0275,902.06067,927.40765,859.0,0,Non-anomalies
ID158,1903-12-31,979.0,906.4065,923.41736,946.8344,859.0,0,Non-anomalies
ID159,1902-12-31,895.0,874.2544,918.26105,890.3517,870.0,0,Non-anomalies
ID159,1903-12-31,937.0,882.6306,1015.53394,926.3298,870.0,0,Non-anomalies
ID16,1993-12-31,72606.0,78630.1,79207.37,76367.5,75747.0,0,Non-anomalies
ID16,1994-12-31,71755.0,81445.44,89564.57,81343.54,75747.0,0,Non-anomalies
ID160,1902-12-31,969.0,959.7849,991.70337,963.6736,941.0,0,Non-anomalies
ID160,1903-12-31,1018.0,966.329,1096.5961,1003.33826,941.0,0,Non-anomalies
ID161,1989-12-31,2831.0,2935.7495,3248.3232,2838.3918,2817.0,0,Non-anomalies
ID161,1990-12-31,4088.0,3112.4001,4027.7698,3039.2568,2817.0,0,Non-anomalies
ID162,1989-12-31,37.70000076293945,39.033302,38.642548,39.90075,37.79999923706055,0,Non-anomalies
ID162,1990-12-31,37.099998474121094,38.799137,39.662663,41.51147,37.79999923706055,0,Non-anomalies
ID163,1989-12-31,40.599998474121094,40.66769,41.316704,42.877674,40.70000076293945,0,Non-anomalies
ID163,1990-12-31,39.79999923706055,41.470306,43.275433,44.97901,40.70000076293945,0,Non-anomalies
ID164,1995-12-31,993.0,1208.5472,1187.0745,1162.3911,1060.0,0,Non-anomalies
ID164,1996-12-31,963.0,1149.6587,1254.5214,1147.9156,1060.0,0,Non-anomalies
ID165,1974-12-31,23.700000762939453,26.199253,24.708996,25.13074,24.100000381469727,0,Non-anomalies
ID165,1975-12-31,23.200000762939453,28.068033,25.88882,26.452692,24.100000381469727,0,Non-anomalies
ID166,1974-12-31,9.5,9.259016,9.741877,9.732725,9.399999618530273,0,Non-anomalies
ID166,1975-12-31,9.300000190734863,11.041017,10.001171,10.298224,9.399999618530273,0,Non-anomalies
ID167,1980-12-31,414000.0,407044.03,413868.5,402091.8,393000.0,0,Non-anomalies
ID167,1981-12-31,413000.0,426448.44,458581.72,420278.75,393000.0,0,Non-anomalies
ID168,1980-12-31,2.2699999809265137,2.2829952,2.6724088,2.286625,2.2200000286102295,0,Non-anomalies
ID168,1981-12-31,2.3499999046325684,1.2581773,2.5803285,2.5217516,2.2200000286102295,0,Non-anomalies
ID169,1980-12-31,1547940.0,1605665.6,1590062.4,1582015.0,1523380.0,0,Non-anomalies
ID169,1981-12-31,1577360.0,1644512.9,1737424.6,1644400.0,1523380.0,0,Non-anomalies
ID17,1992-12-31,504507.0,497379.34,509793.44,482677.72,476008.0,0,Non-anomalies
ID17,1993-12-31,666224.0,534541.94,594984.6,511872.25,476008.0,0,Non-anomalies
ID170,1983-12-31,584.0,546.14246,533.3146,543.5225,523.0,1,Anomalies
ID170,1984-12-31,639.0,564.1129,576.9769,568.8126,523.0,1,Anomalies
ID171,1984-12-31,26254.0,26580.742,27306.3,27116.848,26038.0,0,Non-anomalies
ID171,1985-12-31,26441.0,27965.912,29763.84,28071.773,26038.0,0,Non-anomalies
ID172,1982-12-31,453.0,452.0619,464.3061,464.79926,448.0,0,Non-anomalies
ID172,1983-12-31,473.0,467.21234,506.71146,484.69562,448.0,0,Non-anomalies
ID173,1982-12-31,426.0,423.23587,437.76526,439.49902,423.0,0,Non-anomalies
ID173,1983-12-31,446.0,436.84326,476.86484,458.24887,423.0,0,Non-anomalies
ID174,1985-12-31,315461.0,344189.75,343270.7,343151.9,329757.0,0,Non-anomalies
ID174,1986-12-31,333594.0,352054.25,374185.9,356900.28,329757.0,0,Non-anomalies
ID175,1984-12-31,27811.0,28484.781,29010.389,28862.646,27640.0,0,Non-anomalies
ID175,1985-12-31,27995.0,30009.709,31576.252,29867.092,27640.0,0,Non-anomalies
ID176,1985-12-31,301249.0,329913.38,324983.7,327523.97,313997.0,0,Non-anomalies
ID176,1986-12-31,322404.0,339397.84,352903.1,341145.4,313997.0,0,Non-anomalies
ID177,1983-12-31,11105.0,11992.566,12253.138,11909.6,11325.0,0,Non-anomalies
ID177,1984-12-31,10254.0,12362.411,13261.842,12177.557,11325.0,0,Non-anomalies
ID178,1983-12-31,8129.0,8849.092,8960.152,8664.003,8246.0,0,Non-anomalies
ID178,1984-12-31,7821.0,9108.499,9707.89,8853.511,8246.0,0,Non-anomalies
ID179,1995-12-31,56.0,58.395348,57.64344,57.53953,55.790000915527344,0,Non-anomalies
ID179,1996-12-31,56.4900016784668,58.102924,62.47033,60.266747,55.790000915527344,0,Non-anomalies
ID18,1991-12-31,7268.14990234375,6989.417,7241.1606,7331.571,6846.93017578125,0,Non-anomalies
ID18,1992-12-31,6856.47021484375,7305.319,7554.177,7619.024,6846.93017578125,0,Non-anomalies
ID180,1995-12-31,985.0,1170.1155,1162.1981,1174.6536,1078.0,0,Non-anomalies
ID180,1996-12-31,1016.0,1200.8738,1201.8357,1205.6885,1078.0,0,Non-anomalies
ID19,1992-12-31,20244.0,23681.387,22064.986,22404.666,21784.0,0,Non-anomalies
ID19,1993-12-31,18139.0,24227.791,23754.861,23707.883,21784.0,0,Non-anomalies
ID2,1995-12-31,374028.0,365318.5,352997.94,352700.16,338846.0,0,Non-anomalies
ID2,1996-12-31,362207.0,375770.12,373838.03,370347.06,338846.0,0,Non-anomalies
ID20,1975-12-31,27.700000762939453,32.236324,35.61835,34.710125,32.79999923706055,0,Non-anomalies
ID20,1976-12-31,26.899999618530273,33.45685,37.675117,35.692947,32.79999923706055,0,Non-anomalies
ID21,1985-12-31,2.7300000190734863,2.033805,3.1489017,2.774996,2.7100000381469727,0,Non-anomalies
ID21,1986-12-31,2.740000009536743,2.612464,3.0362287,3.0198333,2.7100000381469727,0,Non-anomalies
ID22,1991-12-31,2064.0,2289.192,2370.6074,2303.7634,2206.10009765625,0,Non-anomalies
ID22,1992-12-31,1919.4000244140625,2374.8726,2576.2363,2362.3428,2206.10009765625,0,Non-anomalies
ID23,1987-12-31,79.0,81.76026,86.76534,85.19806,84.0999984741211,0,Non-anomalies
ID23,1988-12-31,71.5999984741211,82.259315,96.58381,90.675316,84.0999984741211,0,Non-anomalies
ID24,1996-12-31,61.20000076293945,74.01393,82.450294,79.18977,73.5999984741211,0,Non-anomalies
ID24,1997-12-31,57.79999923706055,77.04105,86.59488,79.48742,73.5999984741211,0,Non-anomalies
ID25,1984-12-31,21275000.0,21495426.0,21510900.0,21390274.0,21032000.0,0,Non-anomalies
ID25,1985-12-31,20525000.0,22060474.0,24262478.0,22760186.0,21032000.0,0,Non-anomalies
ID26,1985-12-31,13849000.0,14675910.0,14373909.0,14648416.0,14319000.0,0,Non-anomalies
ID26,1986-12-31,13056000.0,15061784.0,15946082.0,15542184.0,14319000.0,0,Non-anomalies
ID27,2008-12-31,2938.0,2419.2417,2365.0146,2246.8462,2116.0,0,Non-anomalies
ID27,2009-12-31,3482.0,2490.76,2677.6057,2282.142,2116.0,0,Non-anomalies
ID28,1995-12-31,858.0,877.993,856.79156,883.6996,841.0,0,Non-anomalies
ID28,1996-12-31,811.0,916.5854,903.0236,922.7961,841.0,0,Non-anomalies
ID29,1997-12-31,828.0,890.6607,872.9649,879.44696,851.0,0,Non-anomalies
ID29,1998-12-31,770.0,922.02527,956.29834,923.0681,851.0,0,Non-anomalies
ID3,1995-12-31,275882.0,367072.88,375611.94,352228.12,327433.0,0,Non-anomalies
ID3,1996-12-31,350083.0,370515.72,394486.06,360417.4,327433.0,0,Non-anomalies
ID30,1997-12-31,100.0,98.10659,94.21509,95.60614,88.0,0,Non-anomalies
ID30,1998-12-31,100.80000305175781,101.26125,96.295166,97.84449,88.0,0,Non-anomalies
ID31,1989-12-31,259.0,217.77351,211.11177,210.11386,209.0,0,Non-anomalies
ID31,1990-12-31,175.0,219.13306,241.8391,226.09427,209.0,0,Non-anomalies
ID32,1997-12-31,5504.0,5294.841,5230.946,5314.665,5182.0,0,Non-anomalies
ID32,1998-12-31,5582.0,5460.398,5774.3047,5627.2803,5182.0,0,Non-anomalies
ID33,1997-12-31,100.0,99.77998,100.00721,104.00225,98.19999694824219,0,Non-anomalies
ID33,1998-12-31,101.4000015258789,99.86619,106.80834,109.04101,98.19999694824219,0,Non-anomalies
ID34,1995-12-31,9395.0,9235.897,9190.662,9692.193,8951.0,0,Non-anomalies
ID34,1996-12-31,9383.0,9453.415,9560.333,10101.4795,8951.0,0,Non-anomalies
ID35,1993-12-31,187.57000732421875,178.03442,188.62405,184.56367,174.72000122070312,0,Non-anomalies
ID35,1994-12-31,207.9499969482422,182.05788,202.75601,188.58539,174.72000122070312,0,Non-anomalies
ID36,1997-12-31,100.0,95.564316,88.883316,89.96366,83.9000015258789,0,Non-anomalies
ID36,1998-12-31,102.80000305175781,97.02744,91.95499,93.66617,83.9000015258789,0,Non-anomalies
ID37,1997-12-31,10936.0,11205.687,11073.646,11153.377,10824.0,0,Non-anomalies
ID37,1998-12-31,12053.0,11682.091,12184.972,11746.661,10824.0,0,Non-anomalies
ID38,1995-12-31,9288.0,8453.537,8499.119,8695.144,8297.0,1,Anomalies
ID38,1996-12-31,9050.0,8802.189,8980.238,9091.646,8297.0,0,Non-anomalies
ID39,1995-12-31,11710.0,11195.128,11073.742,11584.911,10721.0,0,Non-anomalies
ID39,1996-12-31,11626.0,11352.213,11709.222,12082.148,10721.0,0,Non-anomalies
ID4,2013-12-31,24295100.0,23293366.0,23938576.0,24120834.0,22755400.0,0,Non-anomalies
ID4,2014-12-31,18752400.0,24225852.0,25107860.0,25110546.0,22755400.0,0,Non-anomalies
ID40,1995-12-31,25677.0,26610.111,25976.596,26755.15,25162.0,0,Non-anomalies
ID40,1996-12-31,25408.0,27923.197,27238.033,27864.473,25162.0,0,Non-anomalies
ID41,1995-12-31,492.0,461.72156,457.9115,466.71924,448.0,0,Non-anomalies
ID41,1996-12-31,559.0,475.3008,485.57492,490.0927,448.0,1,Anomalies
ID42,1995-12-31,1073.0,1027.6901,1031.8523,1025.5701,1006.0,0,Non-anomalies
ID42,1996-12-31,1219.0,1057.8695,1156.6481,1089.127,1006.0,1,Anomalies
ID43,1991-12-31,7467.0,7341.752,7153.447,7162.7637,6965.0,0,Non-anomalies
ID43,1992-12-31,8035.0,7673.359,7906.7393,7548.354,6965.0,0,Non-anomalies
ID44,2021-12-31,55736.0,61959.918,60838.12,61177.047,60225.0,0,Non-anomalies
ID44,2022-12-31,74667.0,63097.28,69032.94,65231.227,60225.0,0,Non-anomalies
ID45,1991-12-31,27580.0,24801.684,24092.035,24715.207,24163.0,0,Non-anomalies
ID45,1992-12-31,29809.0,25414.754,26562.354,26231.678,24163.0,0,Non-anomalies
ID46,1992-12-31,6786.0,3907.5193,4538.2427,3520.6555,3467.0,1,Anomalies
ID46,1993-12-31,7555.0,3974.047,5400.6,3722.791,3467.0,1,Anomalies
ID47,1986-12-31,499888.0,371913.6,383191.78,364697.97,349699.0,1,Anomalies
ID47,1987-12-31,588478.0,412930.34,445417.84,377430.25,349699.0,1,Anomalies
ID48,1986-12-31,65667.0,46628.203,51590.848,43007.055,43464.0,0,Non-anomalies
ID48,1987-12-31,80389.0,46730.133,78938.55,47041.324,43464.0,0,Non-anomalies
ID49,1992-12-31,10305.0,10372.336,9929.303,10321.557,9713.0,0,Non-anomalies
ID49,1993-12-31,10185.0,10933.212,10424.917,10752.907,9713.0,0,Non-anomalies
ID5,1999-12-31,14755.599609375,15810.79,15825.681,15182.097,14075.099609375,0,Non-anomalies
ID5,2000-12-31,14979.900390625,15930.058,16516.895,15537.515,14075.099609375,0,Non-anomalies
ID50,1942-12-31,929.0,610.6,749.9458,591.19104,585.0,1,Anomalies
ID50,1943-12-31,660.0,643.4717,1097.4578,638.8162,585.0,0,Non-anomalies
ID51,1987-12-31,662294.0,634685.56,636051.5,635021.2,621903.0,0,Non-anomalies
ID51,1988-12-31,692102.0,653826.4,712929.75,673784.44,621903.0,0,Non-anomalies
ID52,1987-12-31,185486.0,208177.58,208211.44,208747.97,195228.0,0,Non-anomalies
ID52,1988-12-31,147233.0,215355.33,217169.31,216288.47,195228.0,0,Non-anomalies
ID53,1987-12-31,179935.0,149443.53,150397.94,148502.94,146502.0,0,Non-anomalies
ID53,1988-12-31,229789.0,153415.02,170071.38,158312.72,146502.0,1,Anomalies
ID54,1987-12-31,37091.0,37563.45,39103.3,37425.242,36853.0,0,Non-anomalies
ID54,1988-12-31,39098.0,40373.035,43956.02,39330.887,36853.0,0,Non-anomalies
ID55,1987-12-31,140026.0,142265.95,141362.48,139381.38,139423.0,0,Non-anomalies
ID55,1988-12-31,142157.0,144442.27,165831.81,150364.67,139423.0,0,Non-anomalies
ID56,1992-12-31,25935.0,29166.977,28123.797,28274.08,27398.0,0,Non-anomalies
ID56,1993-12-31,26869.0,30634.82,30918.637,29715.38,27398.0,0,Non-anomalies
ID57,1985-12-31,1044.9000244140625,860.2969,845.95544,857.0869,838.0,1,Anomalies
ID57,1986-12-31,1191.0,883.10614,940.1988,909.5973,838.0,1,Anomalies
ID58,1962-12-31,30631.0,31807.113,32695.184,31220.09,30752.0,0,Non-anomalies
ID58,1963-12-31,39177.0,34184.465,37452.28,32940.977,30752.0,0,Non-anomalies
ID59,1994-12-31,140.0,145.87993,159.81819,153.4237,139.0,0,Non-anomalies
ID59,1995-12-31,365.0,140.86902,169.88245,152.47108,139.0,0,Non-anomalies
ID6,1980-12-31,790109.0,649083.4,639003.3,655572.1,633929.0,1,Anomalies
ID6,1981-12-31,847706.0,669904.8,683601.3,691257.7,633929.0,1,Anomalies
ID60,1994-12-31,3178.0,1922.6439,2042.9182,1757.0623,1775.0,1,Anomalies
ID60,1995-12-31,2977.0,1861.6287,2945.7625,1912.7134,1775.0,0,Non-anomalies
ID61,1994-12-31,899.0,733.2084,916.6559,683.00134,669.0,0,Non-anomalies
ID61,1995-12-31,756.0,757.02374,1078.1467,715.8388,669.0,0,Non-anomalies
ID62,1993-12-31,1761040.0,1640377.4,1643499.5,1655494.9,1612240.0,0,Non-anomalies
ID62,1994-12-31,1859860.0,1699699.6,1818569.9,1749040.5,1612240.0,0,Non-anomalies
ID63,1999-12-31,22130900.0,21237196.0,21300038.0,21644410.0,20739700.0,0,Non-anomalies
ID63,2000-12-31,21800200.0,21980374.0,22595456.0,22695270.0,20739700.0,0,Non-anomalies
ID64,1985-12-31,8007.60009765625,6956.2974,7244.3496,6929.6123,6773.39990234375,0,Non-anomalies
ID64,1986-12-31,8800.7998046875,7506.245,8102.351,7215.239,6773.39990234375,0,Non-anomalies
ID65,1980-12-31,245.0,245.3835,221.82906,229.18251,224.0,0,Non-anomalies
ID65,1981-12-31,270.0,248.97406,239.68901,243.73518,224.0,0,Non-anomalies
ID66,1984-12-31,205420.0,206917.44,201633.25,199905.22,194210.0,0,Non-anomalies
ID66,1985-12-31,212140.0,214928.83,222887.02,209731.7,194210.0,0,Non-anomalies
ID67,1985-12-31,582.5,512.8712,544.2188,527.4302,515.2000122070312,0,Non-anomalies
ID67,1986-12-31,632.5999755859375,516.01855,600.5323,547.2362,515.2000122070312,0,Non-anomalies
ID68,1985-12-31,1419.5,1345.1854,1303.3279,1340.0642,1308.699951171875,0,Non-anomalies
ID68,1986-12-31,1472.199951171875,1379.2446,1428.3282,1421.7126,1308.699951171875,0,Non-anomalies
ID69,1985-12-31,704.5,622.6856,568.19885,557.30286,553.7999877929688,1,Anomalies
ID69,1986-12-31,1038.4000244140625,626.274,644.0548,597.428,553.7999877929688,1,Anomalies
ID7,1979-12-31,581729.0,581119.75,560047.0,578284.06,548179.0,0,Non-anomalies
ID7,1980-12-31,638296.0,612608.75,595465.75,602273.2,548179.0,0,Non-anomalies
ID70,1981-12-31,606.0,570.7118,585.1775,515.91943,511.3999938964844,0,Non-anomalies
ID70,1982-12-31,810.0999755859375,581.71185,664.8853,551.06525,511.3999938964844,1,Anomalies
ID71,1985-12-31,212.0,204.90904,208.26244,210.88599,196.6999969482422,0,Non-anomalies
ID71,1986-12-31,247.10000610351562,210.69962,216.27907,219.33022,196.6999969482422,0,Non-anomalies
ID72,1985-12-31,136.89999389648438,131.78464,117.18409,118.46085,117.30000305175781,0,Non-anomalies
ID72,1986-12-31,139.1999969482422,132.46773,133.05527,127.201645,117.30000305175781,0,Non-anomalies
ID73,1985-12-31,1020.2999877929688,1025.4167,1051.7856,1015.07007,1008.0,0,Non-anomalies
ID73,1986-12-31,1272.199951171875,1043.0487,1191.5853,1083.0198,1008.0,0,Non-anomalies
ID74,1985-12-31,113.80000305175781,113.24189,129.52826,125.62798,120.9000015258789,0,Non-anomalies
ID74,1986-12-31,111.5,109.8979,141.09143,129.47026,120.9000015258789,0,Non-anomalies
ID75,1985-12-31,39.0,40.008766,37.256042,37.08439,36.5,0,Non-anomalies
ID75,1986-12-31,38.20000076293945,42.702312,41.22518,39.55235,36.5,0,Non-anomalies
ID76,1985-12-31,12.9399995803833,12.463108,15.207435,14.395057,13.880000114440918,0,Non-anomalies
ID76,1986-12-31,13.9399995803833,13.150306,16.046871,15.210295,13.880000114440918,0,Non-anomalies
ID77,1996-12-31,1073.0,1027.6901,1031.8523,1025.5701,1006.0,0,Non-anomalies
ID77,1997-12-31,1219.0,1057.8695,1156.6481,1089.127,1006.0,1,Anomalies
ID78,2001-12-31,3281.110107421875,4001.6099,3861.902,3934.081,3794.72998046875,0,Non-anomalies
ID78,2002-12-31,3116.39990234375,4185.284,4187.235,4125.9985,3794.72998046875,0,Non-anomalies
ID79,1993-12-31,23.0,19.446447,24.070974,22.954128,21.5,0,Non-anomalies
ID79,1994-12-31,24.0,20.692,25.074207,23.474113,21.5,0,Non-anomalies
ID8,1978-12-31,806581.0,734795.4,736363.25,740888.06,722014.0,0,Non-anomalies
ID8,1979-12-31,862129.0,760974.94,816206.4,783157.0,722014.0,0,Non-anomalies
ID80,1999-12-31,130707.0,120503.55,121014.914,123487.74,118081.0,0,Non-anomalies
ID80,2000-12-31,131194.0,125197.16,128082.766,129273.63,118081.0,0,Non-anomalies
ID81,1993-12-31,52.79999923706055,32.612297,53.093773,49.98699,47.900001525878906,0,Non-anomalies
ID81,1994-12-31,56.79999923706055,21.22914,62.80406,52.197197,47.900001525878906,0,Non-anomalies
ID82,1992-12-31,737.0,885.62775,892.65295,862.4648,855.0,0,Non-anomalies
ID82,1993-12-31,470.0,885.1067,1004.8598,919.0924,855.0,0,Non-anomalies
ID83,1992-12-31,3710.0,2912.2898,2921.2349,2864.4307,2853.0,1,Anomalies
ID83,1993-12-31,3840.0,2968.9368,3349.322,3078.9353,2853.0,0,Non-anomalies
ID84,1993-12-31,365.70001220703125,364.09586,378.67355,369.3708,361.20001220703125,0,Non-anomalies
ID84,1994-12-31,371.70001220703125,367.4984,419.27298,386.5504,361.20001220703125,0,Non-anomalies
ID85,1993-12-31,142.3000030517578,123.86494,133.36182,130.90668,127.80000305175781,0,Non-anomalies
ID85,1994-12-31,144.60000610351562,125.584465,146.60492,136.41124,127.80000305175781,0,Non-anomalies
ID86,1988-12-31,14.079999923706055,14.389179,13.865666,13.436495,13.020000457763672,0,Non-anomalies
ID86,1989-12-31,16.34000015258789,16.149157,14.176461,14.292669,13.020000457763672,0,Non-anomalies
ID87,1987-12-31,7.139999866485596,6.467263,7.0653653,6.831257,6.460000038146973,0,Non-anomalies
ID87,1988-12-31,6.380000114440918,8.183724,7.048616,7.102409,6.460000038146973,0,Non-anomalies
ID88,1988-12-31,14.199999809265137,15.347201,14.065153,13.800313,13.5,0,Non-anomalies
ID88,1989-12-31,14.199999809265137,17.093117,14.551672,14.724201,13.5,0,Non-anomalies
ID89,1988-12-31,7.849999904632568,5.821016,7.3074946,6.834421,6.590000152587891,0,Non-anomalies
ID89,1989-12-31,9.329999923706055,4.8996468,8.320867,7.2957606,6.590000152587891,0,Non-anomalies
ID9,2005-12-31,50.61000061035156,54.769314,49.6073,49.642525,47.119998931884766,0,Non-anomalies
ID9,2006-12-31,53.93000030517578,56.858463,51.46295,52.10826,47.119998931884766,0,Non-anomalies
ID90,1986-12-31,3.109999895095825,2.3028378,3.3396902,2.9569564,2.8499999046325684,0,Non-anomalies
ID90,1987-12-31,3.3399999141693115,3.5624638,3.2678652,3.1728652,2.8499999046325684,0,Non-anomalies
ID91,1986-12-31,2.819999933242798,2.4268217,3.3920372,3.0660958,2.990000009536743,0,Non-anomalies
ID91,1987-12-31,2.8399999141693115,3.6625516,3.3301003,3.3112483,2.990000009536743,0,Non-anomalies
ID92,1979-12-31,221.49000549316406,208.74196,210.47252,218.83478,208.83999633789062,0,Non-anomalies
ID92,1980-12-31,237.60000610351562,213.60571,222.7306,228.75627,208.83999633789062,1,Anomalies
ID93,1979-12-31,50.459999084472656,51.3467,48.87861,51.6941,48.52000045776367,0,Non-anomalies
ID93,1980-12-31,52.52000045776367,53.86981,51.0916,54.584717,48.52000045776367,0,Non-anomalies
ID94,1979-12-31,77.52999877929688,72.11929,69.346214,70.154526,69.0,0,Non-anomalies
ID94,1980-12-31,84.66000366210938,73.523384,77.34029,74.926834,69.0,1,Anomalies
ID95,1979-12-31,9.359999656677246,15.900332,13.824867,13.599433,13.40999984741211,0,Non-anomalies
ID95,1980-12-31,11.390000343322754,17.748842,14.166113,14.323595,13.40999984741211,0,Non-anomalies
ID96,1987-12-31,110.0,108.84337,106.786354,108.91101,106.0,0,Non-anomalies
ID96,1988-12-31,115.0,111.64056,116.73867,115.156906,106.0,0,Non-anomalies
ID97,1980-12-31,99.05000305175781,105.75908,105.930786,98.2341,92.36000061035156,0,Non-anomalies
ID97,1981-12-31,107.69000244140625,106.94737,112.83132,101.05999,92.36000061035156,0,Non-anomalies
ID98,1995-12-31,110.0,107.09794,106.23296,110.950516,103.0,0,Non-anomalies
ID98,1996-12-31,117.0,108.53415,109.874435,116.09505,103.0,0,Non-anomalies
ID99,1997-12-31,172.0,163.77293,162.78383,167.2527,159.0,0,Non-anomalies
ID99,1998-12-31,188.0,168.4503,170.87584,175.01776,159.0,0,Non-anomalies
