unique_id,ds,y,NBeatsMoe,NBEATS,NBeatsStackMoe,SeasonalNaive,is_anomaly,anomaly_status,trend_str,seas_str
ID0,1985-06-30,2.25,3.1788678,3.8034298,3.0773547,6.789999961853027,0,Non-anomalies,Stationary,Seasonal
ID0,1985-09-30,1.0199999809265137,2.9710405,4.0819974,3.46252,5.019999980926514,0,Non-anomalies,Stationary,Seasonal
ID1,1989-06-30,99.0,100.54694,107.18057,104.33803,109.0,0,Non-anomalies,Stationary,Non-seasonal
ID1,1989-09-30,99.0,100.8531,110.48186,106.55087,110.0,0,Non-anomalies,Stationary,Non-seasonal
ID10,1989-12-31,121.0,148.31482,149.4829,153.3765,152.0,0,Non-anomalies,Non-stationary,Seasonal
ID10,1990-03-31,154.0,143.08548,147.1098,148.51312,132.0,0,Non-anomalies,Non-stationary,Seasonal
ID100,1982-03-31,239.3000030517578,291.91306,333.96973,304.69955,337.5,0,Non-anomalies,Non-stationary,Seasonal
ID100,1982-06-30,424.0,301.82956,339.00873,307.98663,343.29998779296875,0,Non-anomalies,Non-stationary,Seasonal
ID101,1995-06-30,145.60000610351562,140.82133,139.79942,138.24533,124.0999984741211,1,Anomalies,Non-stationary,Seasonal
ID101,1995-09-30,150.5,140.00569,141.10774,140.1062,126.0,1,Anomalies,Non-stationary,Seasonal
ID102,1986-06-30,15468.0,15543.623,15491.785,15640.142,14504.0,0,Non-anomalies,Non-stationary,Non-seasonal
ID102,1986-09-30,16516.0,15951.211,15779.442,16145.384,15096.0,0,Non-anomalies,Non-stationary,Non-seasonal
ID103,1980-06-30,181.0,188.52435,183.72217,183.02226,152.0,0,Non-anomalies,Non-stationary,Seasonal
ID103,1980-09-30,204.0,205.65178,203.65945,195.21844,180.0,0,Non-anomalies,Non-stationary,Seasonal
ID104,1986-06-30,492.0,474.07697,470.59735,490.13647,402.0,0,Non-anomalies,Non-stationary,Non-seasonal
ID104,1986-09-30,546.0,483.6981,508.59378,505.0973,455.0,0,Non-anomalies,Non-stationary,Non-seasonal
ID105,1986-06-30,179.0,180.97774,179.4009,180.24355,157.0,0,Non-anomalies,Non-stationary,Seasonal
ID105,1986-09-30,189.0,195.80661,192.74072,193.27211,178.0,0,Non-anomalies,Non-stationary,Seasonal
ID106,1982-06-30,160.6999969482422,158.29305,157.71806,160.6173,159.39999389648438,0,Non-anomalies,Non-stationary,Seasonal
ID106,1982-09-30,111.8000030517578,154.30807,155.77664,156.83885,140.89999389648438,0,Non-anomalies,Non-stationary,Seasonal
ID107,1986-06-30,133.0,133.13007,134.81454,134.06714,116.0,0,Non-anomalies,Non-stationary,Non-seasonal
ID107,1986-09-30,138.0,141.15001,139.33023,137.8908,122.0,0,Non-anomalies,Non-stationary,Non-seasonal
ID108,1987-06-30,4206.0,4080.1006,4609.034,4684.8364,4587.0,0,Non-anomalies,Non-stationary,Seasonal
ID108,1987-09-30,4778.0,4331.0527,4962.4175,4958.4604,5127.0,0,Non-anomalies,Non-stationary,Seasonal
ID109,1987-06-30,13280.0,13448.468,13975.087,13799.355,13464.0,0,Non-anomalies,Non-stationary,Seasonal
ID109,1987-09-30,3584.0,14276.496,14686.76,14543.872,14817.0,1,Anomalies,Non-stationary,Seasonal
ID11,1982-06-30,211.0,284.60275,274.64383,269.9735,203.0,0,Non-anomalies,Stationary,Seasonal
ID11,1982-09-30,288.0,256.24622,240.72067,234.7962,160.0,0,Non-anomalies,Stationary,Seasonal
ID110,1987-03-31,130.0,103.49635,107.0404,109.079506,144.0,0,Non-anomalies,Stationary,Seasonal
ID110,1987-06-30,104.0,95.999466,100.537445,94.284454,104.0,0,Non-anomalies,Stationary,Seasonal
ID111,1987-03-31,3365.0,2945.3713,3029.715,2989.3706,2881.0,0,Non-anomalies,Non-stationary,Seasonal
ID111,1987-06-30,2990.0,2939.1946,3039.2234,2969.3472,2703.0,0,Non-anomalies,Non-stationary,Seasonal
ID112,1986-06-30,468.0,454.27377,452.03442,453.03925,410.0,0,Non-anomalies,Non-stationary,Non-seasonal
ID112,1986-09-30,476.0,470.06406,458.7743,465.86542,424.0,0,Non-anomalies,Non-stationary,Non-seasonal
ID113,1985-06-30,253.6999969482422,233.63707,230.61697,235.98781,230.5,0,Non-anomalies,Non-stationary,Seasonal
ID113,1985-09-30,262.3999938964844,228.03683,227.19528,229.57658,200.3000030517578,0,Non-anomalies,Non-stationary,Seasonal
ID114,1986-12-31,11204.0,9745.788,10277.319,10396.893,9647.0,0,Non-anomalies,Non-stationary,Seasonal
ID114,1987-03-31,10265.0,9087.24,10116.807,9878.742,8221.0,0,Non-anomalies,Non-stationary,Seasonal
ID115,1986-06-30,155.0,157.97066,164.1166,159.9289,145.0,0,Non-anomalies,Non-stationary,Seasonal
ID115,1986-09-30,159.0,157.73897,162.46115,162.68076,150.0,0,Non-anomalies,Non-stationary,Seasonal
ID116,1989-06-30,658.7999877929688,653.5163,661.5817,661.26294,622.2000122070312,0,Non-anomalies,Non-stationary,Non-seasonal
ID116,1989-09-30,668.2999877929688,676.8637,670.3883,674.01685,634.4000244140625,0,Non-anomalies,Non-stationary,Non-seasonal
ID117,1989-06-30,411.7000122070313,411.37714,416.62106,417.41425,395.2999877929688,0,Non-anomalies,Non-stationary,Non-seasonal
ID117,1989-09-30,424.2999877929688,422.98273,420.93893,422.81717,398.7999877929688,0,Non-anomalies,Non-stationary,Non-seasonal
ID118,1989-06-30,193.1999969482422,192.04854,194.4955,194.63643,182.8000030517578,0,Non-anomalies,Non-stationary,Non-seasonal
ID118,1989-09-30,194.1999969482422,197.24538,196.47313,197.07231,184.3000030517578,0,Non-anomalies,Non-stationary,Non-seasonal
ID119,1989-06-30,119.0,119.09213,119.74357,119.934845,109.0,0,Non-anomalies,Non-stationary,Seasonal
ID119,1989-09-30,120.0,123.81341,123.13772,123.102745,113.0,0,Non-anomalies,Non-stationary,Seasonal
ID12,1992-06-30,428.0,437.81454,437.75296,442.19208,423.0,0,Non-anomalies,Stationary,Non-seasonal
ID12,1992-09-30,436.0,439.60968,442.45172,449.67847,427.0,0,Non-anomalies,Stationary,Non-seasonal
ID120,1994-06-30,259.29998779296875,258.1733,256.4988,255.93512,227.6999969482422,0,Non-anomalies,Non-stationary,Seasonal
ID120,1994-09-30,266.20001220703125,266.7381,259.8405,262.5407,235.3000030517578,0,Non-anomalies,Non-stationary,Seasonal
ID121,1978-06-30,17.219999313354492,17.896627,17.46123,17.983831,17.059999465942383,0,Non-anomalies,Non-stationary,Seasonal
ID121,1978-09-30,17.420000076293945,17.189102,17.90123,17.42991,16.90999984741211,0,Non-anomalies,Non-stationary,Seasonal
ID122,1978-06-30,800.9000244140625,785.55457,793.91284,793.75653,755.9000244140625,0,Non-anomalies,Non-stationary,Seasonal
ID122,1978-09-30,815.9000244140625,818.16626,804.5345,809.2383,770.7000122070312,0,Non-anomalies,Non-stationary,Seasonal
ID123,1978-06-30,140.6999969482422,141.74124,141.67679,141.66328,128.6999969482422,0,Non-anomalies,Non-stationary,Seasonal
ID123,1978-09-30,142.1999969482422,146.06839,144.2205,144.75214,131.60000610351562,0,Non-anomalies,Non-stationary,Seasonal
ID124,1978-06-30,46.20000076293945,46.389023,47.968124,47.656124,50.70000076293945,0,Non-anomalies,Non-stationary,Seasonal
ID124,1978-09-30,48.900001525878906,45.72092,48.685905,47.782757,49.29999923706055,0,Non-anomalies,Non-stationary,Seasonal
ID125,1978-06-30,16.200000762939453,15.907379,16.87121,16.987976,15.920000076293944,0,Non-anomalies,Non-stationary,Seasonal
ID125,1978-09-30,18.1200008392334,17.001188,17.989117,18.317223,18.21999931335449,0,Non-anomalies,Non-stationary,Seasonal
ID126,1986-06-30,125.0,112.80416,115.36541,114.85335,109.0,1,Anomalies,Non-stationary,Seasonal
ID126,1986-09-30,119.0,114.36574,117.60605,117.428276,112.0,0,Non-anomalies,Non-stationary,Seasonal
ID127,1988-06-30,1066.0,1048.7034,1055.7799,1056.3596,1003.0,0,Non-anomalies,Non-stationary,Non-seasonal
ID127,1988-09-30,1090.0,1082.4624,1068.4747,1070.9095,1014.0,0,Non-anomalies,Non-stationary,Non-seasonal
ID128,1988-06-30,6255.0,6178.6436,6165.068,6156.767,5651.0,0,Non-anomalies,Non-stationary,Seasonal
ID128,1988-09-30,6421.0,6399.686,6267.6626,6314.523,5820.0,0,Non-anomalies,Non-stationary,Seasonal
ID129,1988-06-30,219.1000061035156,209.71611,211.72643,210.26787,178.3000030517578,1,Anomalies,Non-stationary,Seasonal
ID129,1988-09-30,231.8000030517578,222.95476,219.36966,214.54904,189.3000030517578,1,Anomalies,Non-stationary,Seasonal
ID13,1986-03-31,27657.0,26757.39,26511.52,26293.445,23927.0,0,Non-anomalies,Non-stationary,Seasonal
ID13,1986-06-30,24207.0,26597.828,26461.627,26045.746,23381.0,0,Non-anomalies,Non-stationary,Seasonal
ID130,1988-06-30,118.8000030517578,116.723335,116.42802,116.45977,104.8000030517578,0,Non-anomalies,Non-stationary,Non-seasonal
ID130,1988-09-30,124.3000030517578,120.796135,119.40117,119.20392,108.0999984741211,1,Anomalies,Non-stationary,Non-seasonal
ID131,1988-06-30,12715.0,12609.427,12741.42,12744.922,12226.0,0,Non-anomalies,Non-stationary,Non-seasonal
ID131,1988-09-30,12840.0,13036.57,12901.941,12911.766,12346.0,0,Non-anomalies,Non-stationary,Non-seasonal
ID132,1978-06-30,34808.0,34775.92,34907.44,34885.01,32944.0,0,Non-anomalies,Non-stationary,Seasonal
ID132,1978-09-30,34500.0,34724.797,35302.375,35254.082,32940.0,0,Non-anomalies,Non-stationary,Seasonal
ID133,1978-06-30,22288.0,22372.135,22223.805,22188.613,21540.0,0,Non-anomalies,Non-stationary,Seasonal
ID133,1978-09-30,22464.0,22235.922,22465.324,22233.752,21416.0,0,Non-anomalies,Non-stationary,Seasonal
ID134,1991-06-30,2018.0,1591.7416,1440.8125,1693.5963,385.0,1,Anomalies,Stationary,Seasonal
ID134,1991-09-30,1387.0,1279.0867,696.8306,1545.8269,743.0,0,Non-anomalies,Stationary,Seasonal
ID135,1978-06-30,337.0,361.76727,344.00552,350.20657,307.0,0,Non-anomalies,Non-stationary,Seasonal
ID135,1978-09-30,375.0,382.96558,374.19476,380.16507,358.0,0,Non-anomalies,Non-stationary,Seasonal
ID136,1978-06-30,127.5999984741211,133.18489,134.84622,135.94731,130.39999389648438,0,Non-anomalies,Non-stationary,Seasonal
ID136,1978-09-30,134.0,139.66522,138.59102,141.9025,136.6999969482422,0,Non-anomalies,Non-stationary,Seasonal
ID137,1988-06-30,106.7699966430664,109.81646,108.982834,109.77778,97.81999969482422,0,Non-anomalies,Non-stationary,Seasonal
ID137,1988-09-30,107.08999633789062,114.0298,112.078476,113.92749,103.0199966430664,0,Non-anomalies,Non-stationary,Seasonal
ID138,1988-06-30,32.2400016784668,32.187508,31.417656,32.284496,27.209999084472656,0,Non-anomalies,Non-stationary,Seasonal
ID138,1988-09-30,35.34000015258789,33.250626,32.919193,33.066788,28.540000915527344,0,Non-anomalies,Non-stationary,Seasonal
ID139,1993-06-30,58.29999923706055,63.769745,63.226795,64.12601,61.70000076293945,0,Non-anomalies,Non-stationary,Non-seasonal
ID139,1993-09-30,54.0,65.428055,65.130135,66.38147,63.79999923706055,0,Non-anomalies,Non-stationary,Non-seasonal
ID14,1986-06-30,131788.0,125534.875,120719.65,121240.94,127676.0,0,Non-anomalies,Non-stationary,Seasonal
ID14,1986-09-30,116357.0,123012.2,121290.16,119698.055,120658.0,0,Non-anomalies,Non-stationary,Seasonal
ID140,1989-06-30,86.0,103.68529,104.55242,102.7195,87.0,0,Non-anomalies,Non-stationary,Seasonal
ID140,1989-09-30,116.0,119.421745,123.00435,115.93884,123.0,0,Non-anomalies,Non-stationary,Seasonal
ID141,1989-06-30,104.0,120.45344,116.009964,115.8529,97.0,0,Non-anomalies,Non-stationary,Seasonal
ID141,1989-09-30,121.0,132.12637,129.51376,125.22489,117.0,0,Non-anomalies,Non-stationary,Seasonal
ID142,1989-06-30,104.0,102.90419,105.72853,105.94923,101.0,0,Non-anomalies,Non-stationary,Seasonal
ID142,1989-09-30,106.0,107.662094,107.78374,109.12579,104.0,0,Non-anomalies,Non-stationary,Seasonal
ID143,1989-06-30,119.0,121.53545,121.242065,121.42354,109.0,0,Non-anomalies,Non-stationary,Seasonal
ID143,1989-09-30,121.0,126.53751,125.58169,125.05524,114.0,0,Non-anomalies,Non-stationary,Seasonal
ID144,1989-06-30,114.0,119.5834,119.714165,119.02591,101.0,0,Non-anomalies,Non-stationary,Seasonal
ID144,1989-09-30,118.0,128.47784,126.982666,124.38903,111.0,0,Non-anomalies,Non-stationary,Seasonal
ID145,1988-06-30,310.6000061035156,310.33453,313.84024,316.25525,301.3999938964844,0,Non-anomalies,Non-stationary,Non-seasonal
ID145,1988-09-30,308.0,317.41257,317.52405,323.22116,306.3999938964844,0,Non-anomalies,Non-stationary,Non-seasonal
ID146,1978-06-30,127.6999969482422,133.18489,134.84622,135.94731,130.39999389648438,0,Non-anomalies,Non-stationary,Seasonal
ID146,1978-09-30,134.0,139.66522,138.59102,141.9025,136.6999969482422,0,Non-anomalies,Non-stationary,Seasonal
ID147,1978-06-30,123.4000015258789,120.18935,125.33068,124.867386,121.5,0,Non-anomalies,Non-stationary,Seasonal
ID147,1978-09-30,127.0,123.927155,126.693794,127.64239,122.8000030517578,0,Non-anomalies,Non-stationary,Seasonal
ID148,1978-06-30,125.5999984741211,126.45003,128.61658,129.48814,124.4000015258789,0,Non-anomalies,Non-stationary,Seasonal
ID148,1978-09-30,129.3000030517578,132.55202,131.38556,134.6718,128.6999969482422,0,Non-anomalies,Non-stationary,Seasonal
ID149,1978-06-30,142.3000030517578,145.63036,147.2833,148.36815,140.39999389648438,0,Non-anomalies,Non-stationary,Seasonal
ID149,1978-09-30,145.39999389648438,151.22046,150.28041,153.3601,145.10000610351562,0,Non-anomalies,Non-stationary,Seasonal
ID15,1986-06-30,37522.0,31826.406,29941.223,29630.754,19612.0,0,Non-anomalies,Non-stationary,Non-seasonal
ID15,1986-09-30,25991.0,27515.42,33131.38,29467.922,29231.0,0,Non-anomalies,Non-stationary,Non-seasonal
ID150,1978-06-30,118.0,117.3683,120.288055,120.9159,117.0999984741211,0,Non-anomalies,Non-stationary,Seasonal
ID150,1978-09-30,122.0,122.33263,122.89423,125.52241,121.0,0,Non-anomalies,Non-stationary,Seasonal
ID151,1978-06-30,126.0999984741211,126.224396,130.42006,130.77411,127.0,0,Non-anomalies,Non-stationary,Seasonal
ID151,1978-09-30,130.1999969482422,130.98306,132.2658,134.99112,129.1999969482422,0,Non-anomalies,Non-stationary,Seasonal
ID152,1978-06-30,2.0999999046325684,2.1499648,2.5688293,2.182616,2.289999961853028,0,Non-anomalies,Non-stationary,Seasonal
ID152,1978-09-30,2.380000114440918,2.234487,2.66941,2.3998861,2.2699999809265137,0,Non-anomalies,Non-stationary,Seasonal
ID153,1978-06-30,4.889999866485596,4.338071,5.203191,4.4885244,4.409999847412109,0,Non-anomalies,Non-stationary,Seasonal
ID153,1978-09-30,4.440000057220459,3.4952636,5.048476,4.2842402,3.5899999141693115,1,Anomalies,Non-stationary,Seasonal
ID154,1989-06-30,107.0,118.905624,112.89242,115.41119,100.0,0,Non-anomalies,Non-stationary,Seasonal
ID154,1989-09-30,122.0,126.24842,124.41872,125.46738,118.0,0,Non-anomalies,Non-stationary,Seasonal
ID155,1989-06-30,114.9000015258789,132.06032,119.876205,121.07497,108.0,0,Non-anomalies,Non-stationary,Seasonal
ID155,1989-09-30,131.0,140.73805,126.50733,132.56918,129.89999389648438,0,Non-anomalies,Non-stationary,Seasonal
ID156,1986-06-30,125.0,112.80416,115.36541,114.85335,109.0,1,Anomalies,Non-stationary,Seasonal
ID156,1986-09-30,119.0,114.36574,117.60605,117.428276,112.0,0,Non-anomalies,Non-stationary,Seasonal
ID157,1988-06-30,654.0,664.25653,659.92456,655.7556,550.0,0,Non-anomalies,Non-stationary,Non-seasonal
ID157,1988-09-30,685.0,715.2846,677.1382,675.0851,604.0,0,Non-anomalies,Non-stationary,Non-seasonal
ID158,1988-06-30,106.1999969482422,111.042694,110.291306,110.65322,98.0,0,Non-anomalies,Non-stationary,Non-seasonal
ID158,1988-09-30,108.5999984741211,115.59157,114.401344,114.89185,103.5999984741211,0,Non-anomalies,Non-stationary,Non-seasonal
ID159,1988-06-30,1302.0999755859375,1282.8092,1280.0973,1279.4418,1169.300048828125,0,Non-anomalies,Non-stationary,Seasonal
ID159,1988-09-30,1326.0999755859375,1330.0446,1303.939,1314.4492,1208.5999755859375,0,Non-anomalies,Non-stationary,Seasonal
ID16,1986-06-30,562216.0,481942.78,479872.6,469671.3,447298.0,0,Non-anomalies,Stationary,Seasonal
ID16,1986-09-30,547908.0,452215.7,477137.66,454130.97,400444.0,0,Non-anomalies,Stationary,Seasonal
ID160,1988-06-30,121.1999969482422,124.194695,123.519684,124.52234,111.8000030517578,0,Non-anomalies,Non-stationary,Seasonal
ID160,1988-09-30,118.0999984741211,129.00598,126.71636,129.12576,117.5999984741211,0,Non-anomalies,Non-stationary,Seasonal
ID161,1988-06-30,204.6000061035156,203.65431,202.3079,202.0136,178.8000030517578,0,Non-anomalies,Non-stationary,Seasonal
ID161,1988-09-30,202.5,212.37788,209.87585,209.96815,189.6999969482422,0,Non-anomalies,Non-stationary,Seasonal
ID162,1978-06-30,106.0,117.9308,120.42843,118.65219,101.0,0,Non-anomalies,Non-stationary,Seasonal
ID162,1978-09-30,139.0,137.2791,139.18556,132.1505,134.0,0,Non-anomalies,Non-stationary,Seasonal
ID163,1978-06-30,105.0,118.62157,121.1632,119.67676,102.0,0,Non-anomalies,Non-stationary,Seasonal
ID163,1978-09-30,145.0,138.13113,141.87518,134.95987,142.0,0,Non-anomalies,Non-stationary,Seasonal
ID164,1986-06-30,142.0,163.23224,175.5497,165.65701,177.0,0,Non-anomalies,Non-stationary,Seasonal
ID164,1986-09-30,99.0,171.44714,185.50995,173.5947,191.0,1,Anomalies,Non-stationary,Seasonal
ID165,1985-03-31,182.0,184.87735,181.99025,185.68106,168.0,0,Non-anomalies,Non-stationary,Seasonal
ID165,1985-06-30,179.0,192.83832,190.20235,195.43803,183.0,0,Non-anomalies,Non-stationary,Seasonal
ID166,1987-06-30,60.0,72.77933,69.507744,70.018845,69.0,0,Non-anomalies,Non-stationary,Non-seasonal
ID166,1987-09-30,53.0,74.360535,71.81465,71.88119,71.0,0,Non-anomalies,Non-stationary,Non-seasonal
ID167,1987-06-30,273.0,249.68123,249.37364,247.92664,223.0,0,Non-anomalies,Non-stationary,Seasonal
ID167,1987-09-30,323.0,258.83777,255.31587,254.18105,231.0,1,Anomalies,Non-stationary,Seasonal
ID168,1990-06-30,5.909999847412109,6.225447,6.2055817,5.851417,5.809999942779541,0,Non-anomalies,Non-stationary,Non-seasonal
ID168,1990-09-30,5.940000057220459,6.045949,6.5216722,5.8333917,5.829999923706055,0,Non-anomalies,Non-stationary,Non-seasonal
ID169,1969-12-31,100.0,101.78599,102.9114,104.8792,101.4000015258789,0,Non-anomalies,Stationary,Seasonal
ID169,1970-03-31,98.0,100.85412,102.84341,103.90759,99.4000015258789,0,Non-anomalies,Stationary,Seasonal
ID17,1986-06-30,130534.0,129248.586,130771.99,129403.234,108886.0,0,Non-anomalies,Non-stationary,Seasonal
ID17,1986-09-30,117287.0,137147.81,132662.78,130149.59,114693.0,0,Non-anomalies,Non-stationary,Seasonal
ID170,1969-12-31,118.6999969482422,121.12509,120.05639,119.82146,112.9000015258789,0,Non-anomalies,Non-stationary,Seasonal
ID170,1970-03-31,118.0999984741211,120.07164,120.45858,120.564224,112.3000030517578,0,Non-anomalies,Non-stationary,Seasonal
ID171,1969-12-31,109.1999969482422,107.73316,110.46034,110.41889,106.4000015258789,0,Non-anomalies,Non-stationary,Seasonal
ID171,1970-03-31,109.8000030517578,111.9817,111.65239,111.98205,107.3000030517578,0,Non-anomalies,Non-stationary,Seasonal
ID172,1969-12-31,118.6999969482422,117.23733,118.82352,119.10277,111.3000030517578,0,Non-anomalies,Non-stationary,Seasonal
ID172,1970-03-31,120.5,121.054016,120.6374,120.93604,113.0,0,Non-anomalies,Non-stationary,Seasonal
ID173,1987-12-31,378.0,385.3425,383.17184,378.62247,383.0,0,Non-anomalies,Non-stationary,Seasonal
ID173,1988-03-31,408.0,381.65247,386.8308,385.04172,383.0,0,Non-anomalies,Non-stationary,Seasonal
ID174,1987-09-30,140.0,138.595,137.24675,137.92628,125.0,0,Non-anomalies,Non-stationary,Seasonal
ID174,1987-12-31,149.0,141.06178,140.61932,140.91449,129.0,0,Non-anomalies,Non-stationary,Seasonal
ID175,1973-06-30,19.0,18.284216,18.568268,18.682661,18.0,0,Non-anomalies,Stationary,Non-seasonal
ID175,1973-09-30,23.0,17.475996,18.458904,18.203838,17.0,0,Non-anomalies,Stationary,Non-seasonal
ID176,1988-06-30,147.0,166.02649,163.94505,162.89014,182.0,0,Non-anomalies,Non-stationary,Seasonal
ID176,1988-09-30,100.0,174.49074,175.69643,169.51666,193.0,1,Anomalies,Non-stationary,Seasonal
ID177,1987-12-31,174.0,180.05238,181.69012,182.03267,160.0,0,Non-anomalies,Non-stationary,Seasonal
ID177,1988-03-31,194.0,192.41103,186.68307,190.30475,171.0,0,Non-anomalies,Non-stationary,Seasonal
ID178,1978-06-30,19.459999084472656,19.2958,19.873678,19.973303,19.489999771118164,0,Non-anomalies,Non-stationary,Seasonal
ID178,1978-09-30,19.61000061035156,19.50317,20.412739,20.854654,19.65999984741211,0,Non-anomalies,Non-stationary,Seasonal
ID179,1978-06-30,3.0299999713897705,2.7712607,3.3565614,2.671552,2.789999961853028,0,Non-anomalies,Non-stationary,Seasonal
ID179,1978-09-30,2.859999895095825,2.4004598,3.4566145,2.5744815,2.569999933242798,0,Non-anomalies,Non-stationary,Seasonal
ID18,1986-06-30,38135.0,34129.188,33151.164,30757.29,23917.0,0,Non-anomalies,Non-stationary,Seasonal
ID18,1986-09-30,23457.0,33754.14,38683.367,31874.773,32648.0,0,Non-anomalies,Non-stationary,Seasonal
ID180,1978-06-30,355.0,345.63852,361.97165,348.55176,428.0,0,Non-anomalies,Non-stationary,Seasonal
ID180,1978-09-30,353.0,338.87192,366.03098,353.5173,415.0,0,Non-anomalies,Non-stationary,Seasonal
ID181,1978-06-30,2.400000095367432,1.599385,2.2721057,1.3644204,1.0,1,Anomalies,Stationary,Seasonal
ID181,1978-09-30,3.900000095367432,2.1838148,2.864273,1.5030167,1.600000023841858,1,Anomalies,Stationary,Seasonal
ID182,1978-06-30,7429.0,7355.057,7684.9775,7671.5127,7985.0,0,Non-anomalies,Non-stationary,Seasonal
ID182,1978-09-30,7414.0,7295.9766,7754.3066,7719.352,7830.0,0,Non-anomalies,Non-stationary,Seasonal
ID183,1978-06-30,1.090000033378601,1.0301905,1.4551272,1.0812376,1.1399999856948853,0,Non-anomalies,Non-stationary,Seasonal
ID183,1978-09-30,1.0800000429153442,1.0567124,1.4998025,1.2073808,1.1299999952316284,0,Non-anomalies,Non-stationary,Seasonal
ID184,1978-06-30,64.0,64.12241,52.01031,60.151424,26.0,0,Non-anomalies,Stationary,Seasonal
ID184,1978-09-30,84.0,57.824398,45.00858,61.587067,55.0,0,Non-anomalies,Stationary,Seasonal
ID185,1978-06-30,75.0,86.729645,81.882484,85.00779,127.0,0,Non-anomalies,Stationary,Seasonal
ID185,1978-09-30,59.0,88.83231,80.17115,93.91948,87.0,0,Non-anomalies,Stationary,Seasonal
ID186,1978-06-30,366.0,345.43173,368.43552,369.81012,363.0,0,Non-anomalies,Non-stationary,Seasonal
ID186,1978-09-30,363.0,347.48297,371.68655,371.03336,362.0,0,Non-anomalies,Non-stationary,Seasonal
ID187,1978-06-30,5.400000095367432,8.206735,7.165595,5.8804936,4.0,0,Non-anomalies,Stationary,Seasonal
ID187,1978-09-30,15.199999809265137,9.07429,14.035999,6.8960557,11.600000381469728,0,Non-anomalies,Stationary,Seasonal
ID188,1978-06-30,7.599999904632568,9.75892,9.615776,9.870172,8.0,0,Non-anomalies,Non-stationary,Seasonal
ID188,1978-09-30,4.900000095367432,8.101908,8.229401,9.31925,6.199999809265137,0,Non-anomalies,Non-stationary,Seasonal
ID189,1978-06-30,62.0,60.431175,63.017174,63.16944,60.79999923706055,0,Non-anomalies,Non-stationary,Seasonal
ID189,1978-09-30,63.79999923706055,62.64226,64.03223,64.77537,61.900001525878906,0,Non-anomalies,Non-stationary,Seasonal
ID19,1986-06-30,640404.0,491184.2,508402.12,507981.03,385888.0,0,Non-anomalies,Stationary,Seasonal
ID19,1986-09-30,564309.0,477413.56,477835.78,482037.66,408257.0,0,Non-anomalies,Stationary,Seasonal
ID190,1966-06-30,95.0,174.89215,170.23479,134.35323,115.0,0,Non-anomalies,Stationary,Seasonal
ID190,1966-09-30,145.0,208.68118,233.7986,138.72766,177.0,0,Non-anomalies,Stationary,Seasonal
ID191,1970-06-30,107.0,81.64526,89.65837,87.96052,97.0,0,Non-anomalies,Stationary,Seasonal
ID191,1970-09-30,74.0,87.43685,93.96913,97.59481,86.0,0,Non-anomalies,Stationary,Seasonal
ID192,1989-06-30,79.0,93.452126,86.327446,90.89852,81.0,0,Non-anomalies,Non-stationary,Seasonal
ID192,1989-09-30,94.0,100.566284,94.483864,100.15377,98.0,0,Non-anomalies,Non-stationary,Seasonal
ID193,1987-06-30,438.0,505.38504,565.146,530.04675,502.0,0,Non-anomalies,Non-stationary,Seasonal
ID193,1987-09-30,470.0,538.5671,578.2378,546.8166,530.0,0,Non-anomalies,Non-stationary,Seasonal
ID194,1985-06-30,107.8000030517578,103.90837,107.02229,106.94711,102.5,0,Non-anomalies,Non-stationary,Seasonal
ID194,1985-09-30,107.6999969482422,104.09652,107.17782,107.413475,101.8000030517578,0,Non-anomalies,Non-stationary,Seasonal
ID195,1985-06-30,39.29999923706055,40.881763,40.654716,41.296093,40.0,0,Non-anomalies,Non-stationary,Seasonal
ID195,1985-09-30,39.5,40.82877,41.365902,42.49225,40.09999847412109,0,Non-anomalies,Non-stationary,Seasonal
ID196,1985-06-30,2571.0,1060.3641,1785.3091,985.38293,2277.0,0,Non-anomalies,Non-stationary,Seasonal
ID196,1985-09-30,1158.0,1239.1799,1773.6309,1109.0436,943.0,0,Non-anomalies,Non-stationary,Seasonal
ID197,1987-06-30,129.0,127.10841,128.35565,128.57149,119.0,0,Non-anomalies,Non-stationary,Non-seasonal
ID197,1987-09-30,133.0,131.13017,130.44955,130.74442,121.0,0,Non-anomalies,Non-stationary,Non-seasonal
ID198,1985-06-30,1304.0,1296.1912,1311.7815,1317.0154,1269.0,0,Non-anomalies,Non-stationary,Seasonal
ID198,1985-09-30,1323.0,1328.9957,1327.5172,1339.3939,1281.0,0,Non-anomalies,Non-stationary,Seasonal
ID199,1985-06-30,68.9000015258789,118.64006,92.1989,76.41112,95.0,0,Non-anomalies,Non-stationary,Seasonal
ID199,1985-09-30,78.5999984741211,124.47516,109.64683,80.098495,110.0,0,Non-anomalies,Non-stationary,Seasonal
ID2,1987-06-30,247.0,295.29993,301.0696,284.9779,286.0,0,Non-anomalies,Non-stationary,Seasonal
ID2,1987-09-30,258.0,314.11282,308.4696,298.102,275.0,0,Non-anomalies,Non-stationary,Seasonal
ID20,1979-06-30,114609.0,121891.7,129283.766,128903.95,126610.0,0,Non-anomalies,Non-stationary,Seasonal
ID20,1979-09-30,115452.0,125108.84,130935.164,132201.97,127598.0,0,Non-anomalies,Non-stationary,Seasonal
ID200,1985-06-30,69.0999984741211,49.50274,45.897846,48.51952,28.799999237060547,1,Anomalies,Stationary,Seasonal
ID200,1985-09-30,81.9000015258789,44.28102,45.833157,46.948784,39.59999847412109,1,Anomalies,Stationary,Seasonal
ID201,1985-06-30,808.0,814.30524,825.57166,826.9357,781.0,0,Non-anomalies,Non-stationary,Seasonal
ID201,1985-09-30,813.0,841.6411,835.9144,841.9962,794.0,0,Non-anomalies,Non-stationary,Seasonal
ID202,1985-06-30,4.239999771118164,3.5212493,4.0692887,3.2085621,3.3399999141693115,0,Non-anomalies,Non-stationary,Seasonal
ID202,1985-09-30,4.199999809265137,2.8154345,3.9806454,3.0715878,2.8499999046325684,0,Non-anomalies,Non-stationary,Seasonal
ID21,1988-06-30,149512.0,151908.22,145789.03,149280.89,146115.0,0,Non-anomalies,Non-stationary,Seasonal
ID21,1988-09-30,140471.0,150740.9,145294.52,147785.4,134412.0,0,Non-anomalies,Non-stationary,Seasonal
ID22,2003-09-30,367.9400024414063,359.31793,352.2721,336.0488,263.44000244140625,1,Anomalies,Non-stationary,Seasonal
ID22,2003-12-31,365.739990234375,377.9806,377.1501,335.0032,308.510009765625,0,Non-anomalies,Non-stationary,Seasonal
ID23,1988-03-31,1173.0,1141.9386,1120.1074,1146.2474,1623.0,0,Non-anomalies,Stationary,Seasonal
ID23,1988-06-30,894.0,1169.8887,1123.6654,1232.5833,1316.0,0,Non-anomalies,Stationary,Seasonal
ID24,1988-03-31,989.0,1171.2219,1164.3297,1128.534,1503.0,0,Non-anomalies,Non-stationary,Seasonal
ID24,1988-06-30,832.0,1144.3508,1163.4329,1111.3627,1321.0,0,Non-anomalies,Non-stationary,Seasonal
ID25,1988-03-31,989.0,1171.2219,1164.3297,1128.534,1503.0,0,Non-anomalies,Non-stationary,Seasonal
ID25,1988-06-30,832.0,1144.3508,1163.4329,1111.3627,1321.0,0,Non-anomalies,Non-stationary,Seasonal
ID26,1984-06-30,205.9499969482422,241.65602,247.17444,259.42032,286.3999938964844,0,Non-anomalies,Non-stationary,Seasonal
ID26,1984-09-30,263.7900085449219,231.38692,239.74585,240.97182,218.1999969482422,0,Non-anomalies,Non-stationary,Seasonal
ID27,1981-12-31,6.199999809265137,11.704767,10.570805,11.51492,8.199999809265137,0,Non-anomalies,Stationary,Seasonal
ID27,1982-03-31,6.599999904632568,11.305069,11.424631,11.526389,9.0,0,Non-anomalies,Stationary,Seasonal
ID28,1984-12-31,39744.0,108732.984,106685.73,112296.984,119120.0,1,Anomalies,Non-stationary,Seasonal
ID28,1985-03-31,76930.0,101850.7,100715.734,95496.234,62881.0,0,Non-anomalies,Non-stationary,Seasonal
ID29,1984-12-31,965.0,1136.9868,1020.78925,1070.3792,719.0,0,Non-anomalies,Stationary,Seasonal
ID29,1985-03-31,724.0,1084.434,1052.3274,1037.5669,853.0,0,Non-anomalies,Stationary,Seasonal
ID3,2002-03-31,45665.1015625,48683.523,45862.668,38362.457,45653.69921875,0,Non-anomalies,Non-stationary,Seasonal
ID3,2002-06-30,38440.69921875,49763.41,48800.844,39908.965,48416.69921875,1,Anomalies,Non-stationary,Seasonal
ID30,1993-12-31,245.0,385.648,386.56253,385.32303,367.0,0,Non-anomalies,Non-stationary,Seasonal
ID30,1994-03-31,344.0,391.3487,388.9347,386.97952,359.0,0,Non-anomalies,Non-stationary,Seasonal
ID31,1984-06-30,351.8900146484375,421.65836,415.67456,410.93738,328.5400085449219,0,Non-anomalies,Stationary,Seasonal
ID31,1984-09-30,452.0299987792969,396.15848,384.31058,367.67993,301.1300048828125,0,Non-anomalies,Stationary,Seasonal
ID32,1984-12-31,109062.0,91927.945,86628.945,83200.34,101827.0,0,Non-anomalies,Stationary,Seasonal
ID32,1985-03-31,159561.0,92037.78,89668.18,86824.56,108454.0,0,Non-anomalies,Stationary,Seasonal
ID33,1986-03-31,889.0,952.2345,952.079,962.4206,979.0,1,Anomalies,Non-stationary,Seasonal
ID33,1986-06-30,870.0,931.65094,956.4054,953.6803,934.0,0,Non-anomalies,Non-stationary,Seasonal
ID34,1986-03-31,523.0,490.9025,863.08295,641.8803,1095.0,0,Non-anomalies,Stationary,Seasonal
ID34,1986-06-30,310.0,320.63727,594.95953,474.8463,634.0,0,Non-anomalies,Stationary,Seasonal
ID35,1922-09-30,21589.0,19791.24,20539.348,20586.992,19693.0,0,Non-anomalies,Non-stationary,Seasonal
ID35,1922-12-31,21843.0,19762.096,20484.953,20856.842,19846.0,0,Non-anomalies,Non-stationary,Seasonal
ID36,1921-09-30,246.0,305.7508,292.49265,290.9757,243.0,0,Non-anomalies,Non-stationary,Non-seasonal
ID36,1921-12-31,235.0,281.033,272.5575,250.79384,189.0,0,Non-anomalies,Non-stationary,Non-seasonal
ID37,1986-06-30,16684.0,13513.94,20199.59,20019.129,20670.0,0,Non-anomalies,Stationary,Seasonal
ID37,1986-09-30,13260.0,17402.117,30180.07,19978.012,27839.0,0,Non-anomalies,Stationary,Seasonal
ID38,1986-06-30,8531.0,6954.4434,8102.026,7851.558,7190.0,0,Non-anomalies,Non-stationary,Seasonal
ID38,1986-09-30,10736.0,7644.9355,8430.124,8256.698,7912.0,0,Non-anomalies,Non-stationary,Seasonal
ID39,1986-06-30,153842.0,168177.75,173620.34,165698.25,193766.0,0,Non-anomalies,Stationary,Non-seasonal
ID39,1986-09-30,165671.0,171128.14,182050.73,173278.62,208411.0,0,Non-anomalies,Stationary,Non-seasonal
ID4,1986-03-31,711326.0,628610.56,626824.7,617138.2,499190.0,1,Anomalies,Stationary,Seasonal
ID4,1986-06-30,654071.0,646549.5,643178.25,612496.94,538455.0,0,Non-anomalies,Stationary,Seasonal
ID40,1986-06-30,29028.0,8955.753,15572.254,11851.671,10193.0,1,Anomalies,Stationary,Seasonal
ID40,1986-09-30,16464.0,10163.299,12382.505,12859.231,11243.0,0,Non-anomalies,Stationary,Seasonal
ID41,1912-09-30,13506.0,17668.541,15069.034,15946.305,30917.0,0,Non-anomalies,Stationary,Seasonal
ID41,1912-12-31,10687.0,18233.396,16845.334,18314.805,27472.0,0,Non-anomalies,Stationary,Seasonal
ID42,1989-06-30,1787.0,1888.628,1984.1367,2005.679,1763.0,0,Non-anomalies,Non-stationary,Seasonal
ID42,1989-09-30,2259.0,2167.5315,2181.3545,2218.3823,2164.0,0,Non-anomalies,Non-stationary,Seasonal
ID43,1989-06-30,120.0,127.34712,122.186485,123.83354,106.0,0,Non-anomalies,Non-stationary,Seasonal
ID43,1989-09-30,137.0,140.20459,135.10205,135.36438,128.0,0,Non-anomalies,Non-stationary,Seasonal
ID44,1979-06-30,66.0,77.42363,75.53115,76.41377,71.0,0,Non-anomalies,Non-stationary,Seasonal
ID44,1979-09-30,77.0,78.956604,78.690384,78.97693,75.0,0,Non-anomalies,Non-stationary,Seasonal
ID45,1979-06-30,1.7899999618530271,2.0507731,2.1699238,1.6119568,1.690000057220459,0,Non-anomalies,Non-stationary,Seasonal
ID45,1979-09-30,1.7799999713897705,2.1487918,2.2381568,1.6289246,1.7000000476837158,0,Non-anomalies,Non-stationary,Seasonal
ID46,1989-06-30,85.0,105.38595,98.06431,99.19294,88.0,0,Non-anomalies,Non-stationary,Seasonal
ID46,1989-09-30,94.0,112.17911,103.74204,108.24932,105.0,0,Non-anomalies,Non-stationary,Seasonal
ID47,1972-06-30,88.0,97.684204,98.45685,99.12994,85.0,0,Non-anomalies,Non-stationary,Seasonal
ID47,1972-09-30,113.0,113.039856,112.16005,110.44978,110.0,0,Non-anomalies,Non-stationary,Seasonal
ID48,1972-06-30,111.0,112.7952,115.31078,116.48397,105.0,0,Non-anomalies,Non-stationary,Seasonal
ID48,1972-09-30,117.0,111.917656,115.414635,118.36636,108.0,0,Non-anomalies,Non-stationary,Seasonal
ID49,1972-06-30,14.699999809265137,19.033083,17.121563,18.458097,13.800000190734863,0,Non-anomalies,Non-stationary,Seasonal
ID49,1972-09-30,22.100000381469727,21.322609,19.792068,20.459501,19.299999237060547,0,Non-anomalies,Non-stationary,Seasonal
ID5,1986-06-30,640.4000244140625,498.03134,505.94562,509.30237,385.8900146484375,0,Non-anomalies,Stationary,Seasonal
ID5,1986-09-30,564.3099975585938,503.0319,476.76614,483.45038,408.2699890136719,0,Non-anomalies,Stationary,Seasonal
ID50,1972-06-30,190.0,186.67758,188.16933,188.43652,180.0,0,Non-anomalies,Non-stationary,Seasonal
ID50,1972-09-30,197.0,186.6541,189.3945,189.55078,180.0,0,Non-anomalies,Non-stationary,Seasonal
ID51,1977-06-30,28.0,31.104551,30.989897,31.92637,26.0,0,Non-anomalies,Non-stationary,Seasonal
ID51,1977-09-30,26.0,32.235493,32.864365,33.72791,30.0,0,Non-anomalies,Non-stationary,Seasonal
ID52,1977-06-30,39.0,35.78883,35.13228,36.986843,30.0,0,Non-anomalies,Non-stationary,Seasonal
ID52,1977-09-30,45.0,35.91236,37.328022,38.048485,33.0,1,Anomalies,Non-stationary,Seasonal
ID53,1977-06-30,74.0,81.23853,71.71246,73.14336,63.0,0,Non-anomalies,Non-stationary,Seasonal
ID53,1977-09-30,88.0,86.79946,77.16272,79.51649,77.0,0,Non-anomalies,Non-stationary,Seasonal
ID54,1977-06-30,112.0,118.26876,106.165054,107.689674,97.0,0,Non-anomalies,Non-stationary,Seasonal
ID54,1977-09-30,128.0,125.764084,112.25661,116.42555,114.0,0,Non-anomalies,Non-stationary,Seasonal
ID55,1986-06-30,536.0,920.0846,906.06226,907.4594,806.0,1,Anomalies,Non-stationary,Seasonal
ID55,1986-09-30,769.0,965.57684,963.9324,961.60767,892.0,0,Non-anomalies,Non-stationary,Seasonal
ID56,1991-12-31,104.3000030517578,97.874504,98.980545,100.95813,107.6999969482422,0,Non-anomalies,Non-stationary,Seasonal
ID56,1992-03-31,98.9000015258789,94.94608,97.29994,96.95431,94.3000030517578,0,Non-anomalies,Non-stationary,Seasonal
ID57,1986-06-30,4276.56005859375,3666.4365,3647.744,3572.6353,3402.429931640625,0,Non-anomalies,Stationary,Seasonal
ID57,1986-09-30,4167.72998046875,3439.7283,3625.0764,3455.0667,3046.030029296875,0,Non-anomalies,Stationary,Seasonal
ID58,1985-12-31,895.1300048828125,737.52167,821.0866,741.4195,928.4600219726562,0,Non-anomalies,Non-stationary,Seasonal
ID58,1986-03-31,845.1300048828125,724.2587,827.2635,760.32947,933.219970703125,0,Non-anomalies,Non-stationary,Seasonal
ID59,1987-09-30,149512.0,151908.22,145789.03,149280.89,146115.0,0,Non-anomalies,Non-stationary,Seasonal
ID59,1987-12-31,140471.0,150740.9,145294.52,147785.4,134412.0,0,Non-anomalies,Non-stationary,Seasonal
ID6,1980-06-30,18.200000762939453,31.625032,26.074366,29.926634,14.100000381469728,0,Non-anomalies,Stationary,Seasonal
ID6,1980-09-30,23.299999237060547,30.799109,14.415712,27.467085,18.0,0,Non-anomalies,Stationary,Seasonal
ID60,1989-06-30,161.0,140.99373,145.06462,144.67603,138.0,0,Non-anomalies,Non-stationary,Non-seasonal
ID60,1989-09-30,191.0,140.95157,144.86214,145.55347,137.0,1,Anomalies,Non-stationary,Non-seasonal
ID61,1989-06-30,117.0,116.62183,120.248085,119.6377,115.0,0,Non-anomalies,Non-stationary,Non-seasonal
ID61,1989-09-30,112.0,120.74784,121.52238,120.97754,116.0,0,Non-anomalies,Non-stationary,Non-seasonal
ID62,1989-06-30,91.0,87.8164,96.225365,90.75478,104.0,0,Non-anomalies,Stationary,Seasonal
ID62,1989-09-30,97.0,86.448944,97.485146,91.82274,102.0,0,Non-anomalies,Stationary,Seasonal
ID63,1987-06-30,17.700000762939453,18.844223,18.71549,19.001461,17.799999237060547,0,Non-anomalies,Non-stationary,Seasonal
ID63,1987-09-30,17.5,18.39729,18.98579,18.65411,17.399999618530273,0,Non-anomalies,Non-stationary,Seasonal
ID64,1988-06-30,125.0,127.454765,127.1895,128.16513,121.0,0,Non-anomalies,Non-stationary,Non-seasonal
ID64,1988-09-30,118.0,128.43094,128.46997,129.74641,122.0,0,Non-anomalies,Non-stationary,Non-seasonal
ID65,1979-06-30,170.8000030517578,169.63116,172.72401,173.0762,164.0,0,Non-anomalies,Non-stationary,Seasonal
ID65,1979-09-30,164.1999969482422,175.43866,174.82259,175.79213,166.3000030517578,0,Non-anomalies,Non-stationary,Seasonal
ID66,1979-06-30,83.0999984741211,82.61413,83.84438,84.549126,79.69999694824219,0,Non-anomalies,Non-stationary,Seasonal
ID66,1979-09-30,78.0999984741211,84.965416,85.037506,85.60642,80.5,0,Non-anomalies,Non-stationary,Seasonal
ID67,1979-06-30,164.3000030517578,154.5798,156.90984,157.07515,146.5,0,Non-anomalies,Non-stationary,Seasonal
ID67,1979-09-30,168.39999389648438,161.16423,160.31169,160.93181,151.0,0,Non-anomalies,Non-stationary,Seasonal
ID68,1980-06-30,30.11000061035156,27.31435,29.72863,26.45075,34.400001525878906,0,Non-anomalies,Stationary,Seasonal
ID68,1980-09-30,26.559999465942383,25.719282,29.35854,24.72564,29.520000457763672,0,Non-anomalies,Stationary,Seasonal
ID69,1980-06-30,55.31999969482422,74.77966,77.36485,53.166077,85.80999755859375,0,Non-anomalies,Stationary,Seasonal
ID69,1980-09-30,51.810001373291016,71.86026,79.25479,50.291214,83.73999786376953,0,Non-anomalies,Stationary,Seasonal
ID7,1989-06-30,125.95999908447266,154.41052,155.61751,159.67366,158.22999572753906,0,Non-anomalies,Non-stationary,Seasonal
ID7,1989-09-30,160.30999755859375,148.9827,153.17914,154.62126,137.41000366210938,0,Non-anomalies,Non-stationary,Seasonal
ID70,1980-06-30,108.5999984741211,101.7602,102.79038,102.24691,91.1999969482422,0,Non-anomalies,Stationary,Seasonal
ID70,1980-09-30,102.5,102.2634,102.76576,102.953636,90.9000015258789,0,Non-anomalies,Stationary,Seasonal
ID71,1987-12-31,166.0,163.63905,166.88124,167.17546,158.0,0,Non-anomalies,Non-stationary,Non-seasonal
ID71,1988-03-31,169.0,169.82513,169.2695,170.42172,161.0,0,Non-anomalies,Non-stationary,Non-seasonal
ID72,1978-06-30,123.73999786376952,122.55119,122.5472,122.449646,111.58000183105467,0,Non-anomalies,Non-stationary,Seasonal
ID72,1978-09-30,125.04000091552734,126.61495,125.0877,125.036804,114.27999877929688,0,Non-anomalies,Non-stationary,Seasonal
ID73,1978-06-30,123.0999984741211,121.32948,122.349815,122.5587,111.8000030517578,0,Non-anomalies,Non-stationary,Seasonal
ID73,1978-09-30,124.4000015258789,125.6429,125.15068,125.423996,115.0,0,Non-anomalies,Non-stationary,Seasonal
ID74,1978-06-30,130.10000610351562,126.33865,125.84681,125.463615,110.9000015258789,0,Non-anomalies,Non-stationary,Seasonal
ID74,1978-09-30,131.89999389648438,130.76367,129.38905,128.47531,115.0,0,Non-anomalies,Non-stationary,Seasonal
ID75,1978-06-30,125.9000015258789,125.075455,125.011925,124.90354,113.1999969482422,0,Non-anomalies,Non-stationary,Seasonal
ID75,1978-09-30,127.3000030517578,129.3117,127.78823,127.7042,116.3000030517578,0,Non-anomalies,Non-stationary,Seasonal
ID76,1978-06-30,1155.199951171875,1163.0857,1175.8689,1178.4514,1122.300048828125,0,Non-anomalies,Non-stationary,Seasonal
ID76,1978-09-30,1180.800048828125,1194.6506,1189.2549,1191.9774,1129.5999755859375,0,Non-anomalies,Non-stationary,Seasonal
ID77,1986-06-30,11176.0,11034.03,11131.87,11121.868,10368.0,0,Non-anomalies,Non-stationary,Non-seasonal
ID77,1986-09-30,11324.0,11452.688,11316.094,11385.78,10652.0,0,Non-anomalies,Non-stationary,Non-seasonal
ID78,1986-06-30,11696.0,11312.841,11988.233,11938.017,11628.0,0,Non-anomalies,Non-stationary,Non-seasonal
ID78,1986-09-30,12040.0,11716.357,12189.341,12291.985,11920.0,0,Non-anomalies,Non-stationary,Non-seasonal
ID79,1986-06-30,80256.0,78783.05,79332.84,79241.55,73528.0,0,Non-anomalies,Non-stationary,Seasonal
ID79,1986-09-30,82500.0,81687.18,80668.58,81159.3,75568.0,0,Non-anomalies,Non-stationary,Seasonal
ID8,1986-03-31,3831.0,3964.715,4339.2217,3969.4053,3923.0,0,Non-anomalies,Stationary,Seasonal
ID8,1986-06-30,2715.0,3264.311,3480.553,2998.6619,1787.0,0,Non-anomalies,Stationary,Seasonal
ID80,1986-06-30,26199.0,25820.2,25914.822,25764.092,24036.0,0,Non-anomalies,Non-stationary,Non-seasonal
ID80,1986-09-30,26860.0,26660.469,26280.709,26230.322,24435.0,0,Non-anomalies,Non-stationary,Non-seasonal
ID81,1986-06-30,8049.0,8263.857,8130.127,8229.731,7639.0,0,Non-anomalies,Non-stationary,Seasonal
ID81,1986-09-30,8641.0,8694.741,8432.251,8625.943,8199.0,0,Non-anomalies,Non-stationary,Seasonal
ID82,1986-06-30,60869.0,58824.285,58319.26,58294.406,52165.0,0,Non-anomalies,Non-stationary,Non-seasonal
ID82,1986-09-30,64887.0,60484.45,60379.68,60322.133,55212.0,0,Non-anomalies,Non-stationary,Non-seasonal
ID83,1986-06-30,14691.0,13249.319,13221.582,13596.69,11766.0,1,Anomalies,Non-stationary,Non-seasonal
ID83,1986-09-30,15203.0,13635.696,13870.86,14076.002,12754.0,0,Non-anomalies,Non-stationary,Non-seasonal
ID84,1979-06-30,190.0,172.63931,176.73727,178.21106,170.0,0,Non-anomalies,Non-stationary,Seasonal
ID84,1979-09-30,179.0,165.93993,171.08966,176.58815,161.0,0,Non-anomalies,Non-stationary,Seasonal
ID85,1986-06-30,131.0,151.37514,149.6231,149.4509,125.0,0,Non-anomalies,Non-stationary,Seasonal
ID85,1986-09-30,134.0,163.4131,163.81499,157.64545,143.0,0,Non-anomalies,Non-stationary,Seasonal
ID86,1981-06-30,186.0,137.02827,132.99846,143.4463,112.0,1,Anomalies,Non-stationary,Seasonal
ID86,1981-09-30,245.0,135.83408,132.83694,142.41899,123.0,1,Anomalies,Non-stationary,Seasonal
ID87,1986-06-30,38268.0,38496.812,38714.293,38653.59,36648.0,0,Non-anomalies,Non-stationary,Non-seasonal
ID87,1986-09-30,38652.0,39515.883,39253.99,39321.99,37304.0,0,Non-anomalies,Non-stationary,Non-seasonal
ID88,1972-06-30,98.0,113.435104,107.598335,108.47821,92.0,0,Non-anomalies,Non-stationary,Seasonal
ID88,1972-09-30,121.0,125.4449,121.11792,118.94086,114.0,0,Non-anomalies,Non-stationary,Seasonal
ID89,1987-06-30,17.799999237060547,17.591118,17.361849,17.139683,17.700000762939453,0,Non-anomalies,Non-stationary,Seasonal
ID89,1987-09-30,19.299999237060547,17.604195,17.893099,17.531101,17.899999618530273,0,Non-anomalies,Non-stationary,Seasonal
ID9,1988-06-30,10433.0,11210.527,10743.58,10792.6875,8620.0,0,Non-anomalies,Non-stationary,Seasonal
ID9,1988-09-30,12770.0,10368.918,9358.241,10610.684,9742.0,1,Anomalies,Non-stationary,Seasonal
ID90,1988-06-30,18.100000381469727,17.310621,16.78964,17.110182,15.5,0,Non-anomalies,Non-stationary,Non-seasonal
ID90,1988-09-30,17.299999237060547,17.971056,17.4616,17.560148,16.100000381469727,0,Non-anomalies,Non-stationary,Non-seasonal
ID91,1980-06-30,7.699999809265137,6.5212336,7.0124145,5.6294813,5.800000190734863,0,Non-anomalies,Non-stationary,Seasonal
ID91,1980-09-30,4.5,4.3237095,6.9571033,4.5050936,3.200000047683716,0,Non-anomalies,Non-stationary,Seasonal
ID92,1980-06-30,34.599998474121094,32.656452,30.124645,33.317577,17.700000762939453,0,Non-anomalies,Non-stationary,Seasonal
ID92,1980-09-30,31.299999237060547,29.291666,30.132254,31.71109,24.100000381469727,0,Non-anomalies,Non-stationary,Seasonal
ID93,1980-06-30,226.6999969482422,212.19485,131.36978,123.83763,163.8000030517578,0,Non-anomalies,Non-stationary,Seasonal
ID93,1980-09-30,273.5,230.56898,169.1945,129.48428,221.3000030517578,0,Non-anomalies,Non-stationary,Seasonal
ID94,1980-06-30,37.79999923706055,40.656155,40.05982,40.25733,34.29999923706055,0,Non-anomalies,Non-stationary,Seasonal
ID94,1980-09-30,31.5,43.021122,41.85081,42.752026,38.29999923706055,0,Non-anomalies,Non-stationary,Seasonal
ID95,1980-06-30,53.29999923706055,52.154762,51.477547,52.017967,43.09999847412109,0,Non-anomalies,Stationary,Seasonal
ID95,1980-09-30,51.900001525878906,56.23336,52.017216,55.723534,50.09999847412109,0,Non-anomalies,Stationary,Seasonal
ID96,1980-06-30,544.5,491.20438,476.7227,473.88098,410.5,0,Non-anomalies,Non-stationary,Seasonal
ID96,1980-09-30,326.29998779296875,453.9654,452.11642,421.84998,354.20001220703125,0,Non-anomalies,Non-stationary,Seasonal
ID97,1980-06-30,1138.9000244140625,1023.0607,1053.502,1008.36346,677.2000122070312,0,Non-anomalies,Non-stationary,Seasonal
ID97,1980-09-30,995.0999755859376,947.701,1036.2267,956.78735,764.2000122070312,0,Non-anomalies,Non-stationary,Seasonal
ID98,1980-06-30,425.2999877929688,384.6828,366.8896,388.6366,293.8999938964844,0,Non-anomalies,Non-stationary,Seasonal
ID98,1980-09-30,348.20001220703125,350.7677,316.4486,358.135,292.70001220703125,0,Non-anomalies,Non-stationary,Seasonal
ID99,1990-06-30,66.5999984741211,68.810455,68.29467,69.64702,64.4000015258789,0,Non-anomalies,Non-stationary,Non-seasonal
ID99,1990-09-30,62.79999923706055,70.80472,70.115906,71.85419,67.0,0,Non-anomalies,Non-stationary,Non-seasonal
