unique_id,ds,y
ID0,1972-12-31,3600.0
ID0,1973-12-31,7700.0
ID0,1974-12-31,12300.0
ID0,1975-12-31,30500.0
ID0,1976-12-31,47390.0
ID0,1977-12-31,57006.0
ID0,1978-12-31,98563.0
ID0,1979-12-31,117759.0
ID0,1980-12-31,115097.0
ID0,1981-12-31,133759.0
ID0,1982-12-31,142485.0
ID0,1983-12-31,169611.0
ID0,1984-12-31,216229.0
ID0,1985-12-31,253227.0
ID0,1986-12-31,313096.0
ID0,1987-12-31,322681.0
ID0,1988-12-31,296245.0
ID0,1989-12-31,370333.0
ID0,1990-12-31,443826.0
ID0,1991-12-31,426751.0
ID1,1974-12-31,12654.0
ID1,1975-12-31,22879.0
ID1,1976-12-31,34164.0
ID1,1977-12-31,49524.0
ID1,1978-12-31,64761.0
ID1,1979-12-31,78199.0
ID1,1980-12-31,88626.0
ID1,1981-12-31,102168.0
ID1,1982-12-31,102758.0
ID1,1983-12-31,122442.0
ID1,1984-12-31,129900.0
ID1,1985-12-31,139706.0
ID1,1986-12-31,178858.0
ID1,1987-12-31,213162.0
ID1,1988-12-31,236026.0
ID1,1989-12-31,255542.0
ID1,1990-12-31,314269.0
ID1,1991-12-31,357822.0
ID1,1992-12-31,374755.0
ID1,1993-12-31,401439.0
ID1,1994-12-31,451875.0
ID10,1977-12-31,2075.0
ID10,1978-12-31,2359.0
ID10,1979-12-31,2101.0
ID10,1980-12-31,2371.0
ID10,1981-12-31,2700.0
ID10,1982-12-31,2850.0
ID10,1983-12-31,2994.0
ID10,1984-12-31,3192.0
ID10,1985-12-31,3309.0
ID10,1986-12-31,3481.0
ID10,1987-12-31,4041.0
ID10,1988-12-31,4348.0
ID10,1989-12-31,4499.0
ID10,1990-12-31,4869.0
ID10,1991-12-31,5309.0
ID10,1992-12-31,5681.0
ID10,1993-12-31,6335.0
ID10,1994-12-31,6725.0
ID10,1995-12-31,7168.0
ID100,1957-12-31,86.0
ID100,1958-12-31,86.0
ID100,1959-12-31,71.0
ID100,1960-12-31,66.0
ID100,1961-12-31,80.0
ID100,1962-12-31,87.0
ID100,1963-12-31,100.0
ID100,1964-12-31,101.0
ID100,1965-12-31,105.0
ID100,1966-12-31,102.0
ID100,1967-12-31,108.0
ID100,1968-12-31,119.0
ID100,1969-12-31,118.0
ID100,1970-12-31,113.0
ID100,1971-12-31,105.0
ID100,1972-12-31,105.0
ID100,1973-12-31,103.0
ID100,1974-12-31,99.0
ID100,1975-12-31,98.0
ID100,1976-12-31,101.0
ID100,1977-12-31,100.0
ID100,1978-12-31,107.0
ID100,1979-12-31,88.0
ID100,1980-12-31,70.0
ID100,1981-12-31,63.0
ID100,1982-12-31,59.0
ID100,1983-12-31,50.0
ID100,1984-12-31,54.0
ID100,1985-12-31,83.0
ID100,1986-12-31,90.0
ID100,1987-12-31,96.0
ID100,1988-12-31,109.0
ID101,1974-12-31,33.0
ID101,1975-12-31,34.900001525878906
ID101,1976-12-31,37.599998474121094
ID101,1977-12-31,43.70000076293945
ID101,1978-12-31,44.599998474121094
ID101,1979-12-31,42.0
ID101,1980-12-31,40.70000076293945
ID101,1981-12-31,45.0
ID101,1982-12-31,46.5
ID101,1983-12-31,44.5
ID101,1984-12-31,70.5999984741211
ID101,1985-12-31,72.80000305175781
ID101,1986-12-31,75.4000015258789
ID101,1987-12-31,77.9000015258789
ID101,1988-12-31,78.9000015258789
ID101,1989-12-31,81.5
ID101,1990-12-31,83.5
ID101,1991-12-31,85.19999694824219
ID102,1968-12-31,191562.0
ID102,1969-12-31,206884.0
ID102,1970-12-31,217342.0
ID102,1971-12-31,230677.0
ID102,1972-12-31,237258.0
ID102,1973-12-31,255201.0
ID102,1974-12-31,267545.0
ID102,1975-12-31,282349.0
ID102,1976-12-31,291057.0
ID102,1977-12-31,312343.0
ID102,1978-12-31,326528.0
ID103,1968-12-31,34666.0
ID103,1969-12-31,55413.0
ID103,1970-12-31,69517.0
ID103,1971-12-31,73404.0
ID103,1972-12-31,68004.0
ID103,1973-12-31,68322.0
ID103,1974-12-31,72724.0
ID103,1975-12-31,80115.0
ID103,1976-12-31,64782.0
ID103,1977-12-31,88190.0
ID103,1978-12-31,91203.0
ID104,1968-12-31,53841.0
ID104,1969-12-31,56919.0
ID104,1970-12-31,57136.0
ID104,1971-12-31,60905.0
ID104,1972-12-31,62833.0
ID104,1973-12-31,71309.0
ID104,1974-12-31,76761.0
ID104,1975-12-31,79489.0
ID104,1976-12-31,76851.0
ID104,1977-12-31,85466.0
ID104,1978-12-31,85917.0
ID105,1968-12-31,6545.0
ID105,1969-12-31,10170.0
ID105,1970-12-31,4555.0
ID105,1971-12-31,4461.0
ID105,1972-12-31,711.0
ID105,1973-12-31,7642.0
ID105,1974-12-31,4482.0
ID105,1975-12-31,380.0
ID105,1976-12-31,78.0
ID105,1977-12-31,5191.0
ID105,1978-12-31,3794.0
ID106,1968-12-31,13807.0
ID106,1969-12-31,18744.0
ID106,1970-12-31,17992.0
ID106,1971-12-31,16934.0
ID106,1972-12-31,17746.0
ID106,1973-12-31,19714.0
ID106,1974-12-31,23595.0
ID106,1975-12-31,26481.0
ID106,1976-12-31,23067.0
ID106,1977-12-31,23489.0
ID106,1978-12-31,27244.0
ID107,1968-12-31,242167.0
ID107,1969-12-31,279232.0
ID107,1970-12-31,293180.0
ID107,1971-12-31,306635.0
ID107,1972-12-31,304918.0
ID107,1973-12-31,332985.0
ID107,1974-12-31,352832.0
ID107,1975-12-31,368187.0
ID107,1976-12-31,399962.0
ID107,1977-12-31,402355.0
ID107,1978-12-31,417093.0
ID108,1976-12-31,25.290000915527344
ID108,1977-12-31,21.68000030517578
ID108,1978-12-31,18.829999923706055
ID108,1979-12-31,18.170000076293945
ID108,1980-12-31,22.850000381469727
ID108,1981-12-31,24.56999969482422
ID108,1982-12-31,28.15999984741211
ID108,1983-12-31,29.760000228881836
ID108,1984-12-31,26.989999771118164
ID108,1985-12-31,29.229999542236328
ID108,1986-12-31,31.709999084472656
ID108,1987-12-31,36.70000076293945
ID108,1988-12-31,28.81999969482422
ID108,1989-12-31,31.59000015258789
ID109,1972-12-31,237.0
ID109,1973-12-31,273.0
ID109,1974-12-31,286.0
ID109,1975-12-31,261.0
ID109,1976-12-31,287.0
ID109,1977-12-31,330.0
ID109,1978-12-31,352.0
ID109,1979-12-31,380.0
ID109,1980-12-31,426.0
ID109,1981-12-31,494.0
ID11,1976-12-31,2197.0
ID11,1977-12-31,2394.0
ID11,1978-12-31,7308.0
ID11,1979-12-31,22583.0
ID11,1980-12-31,53193.0
ID11,1981-12-31,88205.0
ID11,1982-12-31,109607.0
ID11,1983-12-31,157296.0
ID11,1984-12-31,171519.0
ID11,1985-12-31,201616.0
ID11,1986-12-31,244195.0
ID11,1987-12-31,276386.0
ID11,1988-12-31,310198.0
ID11,1989-12-31,340657.0
ID11,1990-12-31,351933.0
ID11,1991-12-31,373037.0
ID11,1992-12-31,437702.0
ID11,1993-12-31,545312.0
ID11,1994-12-31,641389.0
ID11,1995-12-31,789188.0
ID11,1996-12-31,931918.0
ID11,1997-12-31,907996.0
ID11,1998-12-31,968054.0
ID11,1999-12-31,1064530.0
ID11,2000-12-31,1194120.0
ID11,2001-12-31,1334710.0
ID110,1972-12-31,232.0
ID110,1973-12-31,264.0
ID110,1974-12-31,266.0
ID110,1975-12-31,254.0
ID110,1976-12-31,275.0
ID110,1977-12-31,315.0
ID110,1978-12-31,327.0
ID110,1979-12-31,360.0
ID110,1980-12-31,403.0
ID110,1981-12-31,466.0
ID111,1969-12-31,474.0
ID111,1970-12-31,486.8999938964844
ID111,1971-12-31,484.0
ID111,1972-12-31,490.5
ID111,1973-12-31,503.0
ID111,1974-12-31,504.70001220703125
ID111,1975-12-31,504.20001220703125
ID111,1976-12-31,503.29998779296875
ID111,1977-12-31,503.6000061035156
ID111,1978-12-31,514.9000244140625
ID111,1979-12-31,524.2000122070312
ID111,1980-12-31,537.7000122070312
ID111,1981-12-31,547.7999877929688
ID111,1982-12-31,557.2000122070312
ID111,1983-12-31,564.4000244140625
ID111,1984-12-31,572.0
ID111,1985-12-31,577.4000244140625
ID111,1986-12-31,584.2000122070312
ID111,1987-12-31,594.7000122070312
ID111,1988-12-31,605.7999877929688
ID111,1989-12-31,617.7000122070312
ID111,1990-12-31,628.0
ID111,1991-12-31,638.9000244140625
ID111,1992-12-31,645.0999755859375
ID111,1993-12-31,662.7999877929688
ID111,1994-12-31,675.7000122070312
ID111,1995-12-31,691.0999755859375
ID111,1996-12-31,710.0
ID111,1997-12-31,729.5
ID111,1998-12-31,743.2999877929688
ID111,1999-12-31,755.9000244140625
ID111,2000-12-31,770.7000122070312
ID111,2001-12-31,774.4000244140625
ID111,2002-12-31,784.5
ID111,2003-12-31,800.9000244140625
ID111,2004-12-31,815.9000244140625
ID112,1970-12-31,2.700000047683716
ID112,1971-12-31,3.0999999046325684
ID112,1972-12-31,3.4000000953674316
ID112,1973-12-31,3.799999952316284
ID112,1974-12-31,3.5
ID112,1975-12-31,3.700000047683716
ID112,1976-12-31,4.0
ID112,1977-12-31,4.199999809265137
ID112,1978-12-31,4.400000095367432
ID112,1979-12-31,4.599999904632568
ID112,1980-12-31,4.800000190734863
ID112,1981-12-31,4.699999809265137
ID112,1982-12-31,5.0
ID113,1970-12-31,4.699999809265137
ID113,1971-12-31,5.199999809265137
ID113,1972-12-31,5.300000190734863
ID113,1973-12-31,5.5
ID113,1974-12-31,5.900000095367432
ID113,1975-12-31,6.599999904632568
ID113,1976-12-31,6.900000095367432
ID113,1977-12-31,7.300000190734863
ID113,1978-12-31,7.599999904632568
ID113,1979-12-31,7.800000190734863
ID113,1980-12-31,8.5
ID113,1981-12-31,8.899999618530273
ID113,1982-12-31,9.100000381469727
ID114,1970-12-31,47.400001525878906
ID114,1971-12-31,52.599998474121094
ID114,1972-12-31,57.29999923706055
ID114,1973-12-31,61.900001525878906
ID114,1974-12-31,66.30000305175781
ID114,1975-12-31,74.0999984741211
ID114,1976-12-31,79.19999694824219
ID114,1977-12-31,83.69999694824219
ID114,1978-12-31,86.4000015258789
ID114,1979-12-31,92.4000015258789
ID114,1980-12-31,108.5999984741211
ID114,1981-12-31,114.5
ID114,1982-12-31,119.19999694824219
ID115,1970-12-31,28.899999618530273
ID115,1971-12-31,31.100000381469727
ID115,1972-12-31,32.5
ID115,1973-12-31,34.900001525878906
ID115,1974-12-31,36.29999923706055
ID115,1975-12-31,38.599998474121094
ID115,1976-12-31,40.400001525878906
ID115,1977-12-31,42.599998474121094
ID115,1978-12-31,44.70000076293945
ID115,1979-12-31,47.599998474121094
ID115,1980-12-31,50.599998474121094
ID115,1981-12-31,54.79999923706055
ID115,1982-12-31,58.20000076293945
ID116,1970-12-31,11.5
ID116,1971-12-31,11.800000190734863
ID116,1972-12-31,12.100000381469727
ID116,1973-12-31,13.100000381469727
ID116,1974-12-31,14.0
ID116,1975-12-31,15.0
ID116,1976-12-31,15.600000381469727
ID116,1977-12-31,16.100000381469727
ID116,1978-12-31,16.0
ID116,1979-12-31,16.799999237060547
ID116,1980-12-31,18.200000762939453
ID116,1981-12-31,18.799999237060547
ID116,1982-12-31,19.5
ID117,1970-12-31,6.699999809265137
ID117,1971-12-31,6.599999904632568
ID117,1972-12-31,6.699999809265137
ID117,1973-12-31,7.099999904632568
ID117,1974-12-31,7.400000095367432
ID117,1975-12-31,7.400000095367432
ID117,1976-12-31,7.5
ID117,1977-12-31,7.900000095367432
ID117,1978-12-31,8.100000381469727
ID117,1979-12-31,8.699999809265137
ID117,1980-12-31,9.199999809265137
ID117,1981-12-31,9.800000190734863
ID117,1982-12-31,10.300000190734863
ID118,1970-12-31,2.5
ID118,1971-12-31,2.700000047683716
ID118,1972-12-31,2.700000047683716
ID118,1973-12-31,3.0999999046325684
ID118,1974-12-31,3.200000047683716
ID118,1975-12-31,3.4000000953674316
ID118,1976-12-31,3.700000047683716
ID118,1977-12-31,4.0
ID118,1978-12-31,4.099999904632568
ID118,1979-12-31,4.199999809265137
ID118,1980-12-31,4.400000095367432
ID118,1981-12-31,4.900000095367432
ID118,1982-12-31,5.099999904632568
ID119,1970-12-31,3.700000047683716
ID119,1971-12-31,4.099999904632568
ID119,1972-12-31,4.199999809265137
ID119,1973-12-31,4.199999809265137
ID119,1974-12-31,4.599999904632568
ID119,1975-12-31,4.900000095367432
ID119,1976-12-31,5.0
ID119,1977-12-31,5.099999904632568
ID119,1978-12-31,5.099999904632568
ID119,1979-12-31,5.5
ID119,1980-12-31,6.099999904632568
ID119,1981-12-31,6.5
ID119,1982-12-31,6.800000190734863
ID12,1976-12-31,263.0
ID12,1977-12-31,992.0
ID12,1978-12-31,437.0
ID12,1979-12-31,35.0
ID12,1980-12-31,55.0
ID12,1981-12-31,140.0
ID12,1982-12-31,205.0
ID12,1983-12-31,175.0
ID12,1984-12-31,150.0
ID12,1985-12-31,620.0
ID12,1986-12-31,1085.0
ID12,1987-12-31,358.0
ID12,1988-12-31,611.0
ID12,1989-12-31,184.0
ID12,1990-12-31,137.0
ID12,1991-12-31,260.0
ID12,1992-12-31,297.0
ID12,1993-12-31,682.0
ID12,1994-12-31,893.0
ID12,1995-12-31,463.0
ID12,1996-12-31,575.0
ID12,1997-12-31,593.0
ID12,1998-12-31,645.0
ID12,1999-12-31,644.0
ID12,2000-12-31,634.0
ID12,2001-12-31,124.0
ID12,2002-12-31,32.0
ID12,2003-12-31,208.0
ID12,2004-12-31,457.0
ID12,2005-12-31,508.0
ID12,2006-12-31,1832.0
ID12,2007-12-31,4037.0
ID12,2008-12-31,4589.0
ID12,2009-12-31,6250.0
ID12,2010-12-31,11721.0
ID12,2011-12-31,14148.0
ID12,2012-12-31,15488.0
ID12,2013-12-31,13450.0
ID12,2014-12-31,18689.0
ID12,2015-12-31,17130.0
ID12,2016-12-31,22637.0
ID12,2017-12-31,28413.0
ID12,2018-12-31,30468.0
ID12,2019-12-31,32233.0
ID12,2020-12-31,38038.0
ID12,2021-12-31,36343.0
ID12,2022-12-31,44401.0
ID12,2023-12-31,47154.0
ID12,2024-12-31,45339.0
ID12,2025-12-31,52735.0
ID120,1970-12-31,4.400000095367432
ID120,1971-12-31,4.599999904632568
ID120,1972-12-31,4.800000190734863
ID120,1973-12-31,5.0
ID120,1974-12-31,5.199999809265137
ID120,1975-12-31,5.400000095367432
ID120,1976-12-31,5.599999904632568
ID120,1977-12-31,5.800000190734863
ID120,1978-12-31,5.800000190734863
ID120,1979-12-31,6.0
ID120,1980-12-31,6.300000190734863
ID120,1981-12-31,6.699999809265137
ID120,1982-12-31,7.0
ID121,1970-12-31,2.200000047683716
ID121,1971-12-31,2.299999952316284
ID121,1972-12-31,2.299999952316284
ID121,1973-12-31,2.4000000953674316
ID121,1974-12-31,2.5999999046325684
ID121,1975-12-31,2.700000047683716
ID121,1976-12-31,2.799999952316284
ID121,1977-12-31,2.9000000953674316
ID121,1978-12-31,2.9000000953674316
ID121,1979-12-31,3.0999999046325684
ID121,1980-12-31,3.299999952316284
ID121,1981-12-31,3.5
ID121,1982-12-31,3.700000047683716
ID122,1963-12-31,49.63999938964844
ID122,1964-12-31,51.75
ID122,1965-12-31,53.15999984741211
ID122,1966-12-31,56.0099983215332
ID122,1967-12-31,57.970001220703125
ID122,1968-12-31,60.45000076293945
ID122,1969-12-31,61.77000045776367
ID122,1970-12-31,63.63999938964844
ID122,1971-12-31,64.76000213623047
ID122,1972-12-31,66.48999786376953
ID122,1973-12-31,69.18000030517578
ID123,1968-12-31,15.5600004196167
ID123,1969-12-31,17.219999313354492
ID123,1970-12-31,17.399999618530273
ID123,1971-12-31,18.059999465942383
ID123,1972-12-31,18.59000015258789
ID123,1973-12-31,19.979999542236328
ID123,1974-12-31,21.610000610351562
ID123,1975-12-31,23.389999389648438
ID123,1976-12-31,22.450000762939453
ID123,1977-12-31,22.170000076293945
ID123,1978-12-31,23.389999389648438
ID124,1968-12-31,9.779999732971191
ID124,1969-12-31,9.920000076293945
ID124,1970-12-31,10.029999732971191
ID124,1971-12-31,10.1899995803833
ID124,1972-12-31,10.5
ID124,1973-12-31,10.960000038146973
ID124,1974-12-31,11.25
ID124,1975-12-31,11.899999618530273
ID124,1976-12-31,12.5
ID124,1977-12-31,15.039999961853027
ID124,1978-12-31,15.739999771118164
ID125,1968-12-31,5.659999847412109
ID125,1969-12-31,6.789999961853027
ID125,1970-12-31,7.159999847412109
ID125,1971-12-31,7.599999904632568
ID125,1972-12-31,8.529999732971191
ID125,1973-12-31,10.100000381469727
ID125,1974-12-31,11.300000190734863
ID125,1975-12-31,12.789999961853027
ID125,1976-12-31,12.680000305175781
ID125,1977-12-31,15.550000190734863
ID125,1978-12-31,17.100000381469727
ID126,1968-12-31,57.13999938964844
ID126,1969-12-31,62.369998931884766
ID126,1970-12-31,64.87000274658203
ID126,1971-12-31,67.27999877929688
ID126,1972-12-31,69.13999938964844
ID126,1973-12-31,72.33999633789062
ID126,1974-12-31,78.1500015258789
ID126,1975-12-31,82.19000244140625
ID126,1976-12-31,84.16999816894531
ID126,1977-12-31,79.93000030517578
ID126,1978-12-31,83.44000244140625
ID127,1968-12-31,14.479999542236328
ID127,1969-12-31,14.140000343322754
ID127,1970-12-31,17.520000457763672
ID127,1971-12-31,20.31999969482422
ID127,1972-12-31,16.15999984741211
ID127,1973-12-31,14.59000015258789
ID127,1974-12-31,19.049999237060547
ID127,1975-12-31,20.15999984741211
ID127,1976-12-31,18.079999923706055
ID127,1977-12-31,19.389999389648438
ID127,1978-12-31,19.31999969482422
ID128,1968-12-31,21.469999313354492
ID128,1969-12-31,24.09000015258789
ID128,1970-12-31,26.59000015258789
ID128,1971-12-31,24.959999084472656
ID128,1972-12-31,25.389999389648438
ID128,1973-12-31,26.950000762939453
ID128,1974-12-31,27.899999618530273
ID128,1975-12-31,29.139999389648438
ID128,1976-12-31,29.93000030517578
ID128,1977-12-31,27.770000457763672
ID128,1978-12-31,29.209999084472656
ID129,1968-12-31,14.380000114440918
ID129,1969-12-31,13.8100004196167
ID129,1970-12-31,12.300000190734863
ID129,1971-12-31,11.920000076293945
ID129,1972-12-31,12.180000305175781
ID129,1973-12-31,13.350000381469727
ID129,1974-12-31,14.420000076293945
ID129,1975-12-31,15.75
ID129,1976-12-31,16.729999542236328
ID129,1977-12-31,18.6299991607666
ID129,1978-12-31,20.170000076293945
ID13,1976-12-31,23180.0
ID13,1977-12-31,21827.0
ID13,1978-12-31,32567.0
ID13,1979-12-31,9717.0
ID13,1980-12-31,27319.0
ID13,1981-12-31,42528.0
ID13,1982-12-31,75036.0
ID13,1983-12-31,99206.0
ID13,1984-12-31,148432.0
ID13,1985-12-31,169532.0
ID13,1986-12-31,291222.0
ID13,1987-12-31,341360.0
ID13,1988-12-31,421484.0
ID13,1989-12-31,595368.0
ID13,1990-12-31,583326.0
ID13,1991-12-31,655035.0
ID13,1992-12-31,752561.0
ID13,1993-12-31,881158.0
ID13,1994-12-31,836680.0
ID130,1968-12-31,15.399999618530273
ID130,1969-12-31,16.299999237060547
ID130,1970-12-31,15.539999961853027
ID130,1971-12-31,15.720000267028809
ID130,1972-12-31,16.799999237060547
ID130,1973-12-31,19.329999923706055
ID130,1974-12-31,21.719999313354492
ID130,1975-12-31,24.459999084472656
ID130,1976-12-31,25.31999969482422
ID130,1977-12-31,28.09000015258789
ID130,1978-12-31,30.860000610351562
ID131,1968-12-31,53473.0
ID131,1969-12-31,59926.0
ID131,1970-12-31,63014.0
ID131,1971-12-31,63903.0
ID131,1972-12-31,64947.0
ID131,1973-12-31,57592.0
ID131,1974-12-31,59923.0
ID131,1975-12-31,63341.0
ID131,1976-12-31,66071.0
ID131,1977-12-31,67859.0
ID131,1978-12-31,69530.0
ID132,1968-12-31,20965.0
ID132,1969-12-31,22623.0
ID132,1970-12-31,23457.0
ID132,1971-12-31,23614.0
ID132,1972-12-31,23710.0
ID132,1973-12-31,24833.0
ID132,1974-12-31,25948.0
ID132,1975-12-31,26135.0
ID132,1976-12-31,26502.0
ID132,1977-12-31,28418.0
ID132,1978-12-31,29403.0
ID133,1968-12-31,21275.0
ID133,1969-12-31,23619.0
ID133,1970-12-31,26454.0
ID133,1971-12-31,29291.0
ID133,1972-12-31,31643.0
ID133,1973-12-31,33726.0
ID133,1974-12-31,35967.0
ID133,1975-12-31,38394.0
ID133,1976-12-31,40991.0
ID133,1977-12-31,43518.0
ID133,1978-12-31,46171.0
ID134,1968-12-31,25585.0
ID134,1969-12-31,24510.0
ID134,1970-12-31,23821.0
ID134,1971-12-31,27703.0
ID134,1972-12-31,27313.0
ID134,1973-12-31,33470.0
ID134,1974-12-31,32196.0
ID134,1975-12-31,33629.0
ID134,1976-12-31,30381.0
ID134,1977-12-31,36014.0
ID134,1978-12-31,36668.0
ID135,1968-12-31,14243.0
ID135,1969-12-31,32555.0
ID135,1970-12-31,46046.0
ID135,1971-12-31,48715.0
ID135,1972-12-31,41519.0
ID135,1973-12-31,39607.0
ID135,1974-12-31,41161.0
ID135,1975-12-31,44577.0
ID135,1976-12-31,46301.0
ID135,1977-12-31,46809.0
ID135,1978-12-31,45946.0
ID136,1968-12-31,20423.0
ID136,1969-12-31,21858.0
ID136,1970-12-31,23471.0
ID136,1971-12-31,24689.0
ID136,1972-12-31,26485.0
ID136,1973-12-31,28715.0
ID136,1974-12-31,31563.0
ID136,1975-12-31,35538.0
ID136,1976-12-31,38481.0
ID136,1977-12-31,41381.0
ID136,1978-12-31,45257.0
ID137,1968-12-31,19810.0
ID137,1969-12-31,17922.0
ID137,1970-12-31,17930.0
ID137,1971-12-31,18669.0
ID137,1972-12-31,20109.0
ID137,1973-12-31,23706.0
ID137,1974-12-31,22103.0
ID137,1975-12-31,21077.0
ID137,1976-12-31,22297.0
ID137,1977-12-31,26803.0
ID137,1978-12-31,23965.0
ID138,1968-12-31,18654.0
ID138,1969-12-31,20651.0
ID138,1970-12-31,20216.0
ID138,1971-12-31,21503.0
ID138,1972-12-31,20552.0
ID138,1973-12-31,23804.0
ID138,1974-12-31,26466.0
ID138,1975-12-31,28375.0
ID138,1976-12-31,25028.0
ID138,1977-12-31,28435.0
ID138,1978-12-31,30283.0
ID139,1968-12-31,28.899999618530273
ID139,1969-12-31,31.0
ID139,1970-12-31,33.099998474121094
ID139,1971-12-31,34.900001525878906
ID139,1972-12-31,36.5
ID139,1973-12-31,38.29999923706055
ID139,1974-12-31,40.20000076293945
ID139,1975-12-31,42.0
ID139,1976-12-31,44.0
ID139,1977-12-31,45.900001525878906
ID139,1978-12-31,48.0
ID14,1977-12-31,574.9000244140625
ID14,1978-12-31,519.2999877929688
ID14,1979-12-31,545.5
ID14,1980-12-31,562.9000244140625
ID14,1981-12-31,630.2000122070312
ID14,1982-12-31,679.7999877929688
ID14,1983-12-31,702.9000244140625
ID14,1984-12-31,733.0
ID14,1985-12-31,836.2999877929688
ID14,1986-12-31,911.5
ID140,1962-12-31,7929980.0
ID140,1963-12-31,9001740.0
ID140,1964-12-31,9794090.0
ID140,1965-12-31,10002100.0
ID140,1966-12-31,10403300.0
ID140,1967-12-31,11140200.0
ID140,1968-12-31,10169100.0
ID140,1969-12-31,9381840.0
ID140,1970-12-31,7997870.0
ID140,1971-12-31,9190020.0
ID140,1972-12-31,9186600.0
ID140,1973-12-31,10479100.0
ID140,1974-12-31,11975600.0
ID140,1975-12-31,12837000.0
ID140,1976-12-31,11380800.0
ID140,1977-12-31,13509600.0
ID140,1978-12-31,14483700.0
ID140,1979-12-31,17762400.0
ID140,1980-12-31,17083900.0
ID140,1981-12-31,17035700.0
ID140,1982-12-31,17182800.0
ID140,1983-12-31,17371000.0
ID140,1984-12-31,19277700.0
ID140,1985-12-31,21114000.0
ID140,1986-12-31,21897300.0
ID140,1987-12-31,20315400.0
ID140,1988-12-31,24375500.0
ID140,1989-12-31,26046700.0
ID140,1990-12-31,24418400.0
ID140,1991-12-31,26604600.0
ID140,1992-12-31,26876200.0
ID141,1968-12-31,2631.0
ID141,1969-12-31,2898.0
ID141,1970-12-31,3185.0
ID141,1971-12-31,3500.0
ID141,1972-12-31,3695.0
ID141,1973-12-31,4029.0
ID141,1974-12-31,4252.0
ID141,1975-12-31,4428.0
ID141,1976-12-31,4530.0
ID141,1977-12-31,4680.0
ID141,1978-12-31,4754.0
ID142,1968-12-31,1214.0
ID142,1969-12-31,1288.0
ID142,1970-12-31,1272.0
ID142,1971-12-31,1296.0
ID142,1972-12-31,1391.0
ID142,1973-12-31,1503.0
ID142,1974-12-31,1588.0
ID142,1975-12-31,1675.0
ID142,1976-12-31,1778.0
ID142,1977-12-31,1749.0
ID142,1978-12-31,1895.0
ID143,1968-12-31,841.0
ID143,1969-12-31,886.0
ID143,1970-12-31,934.0
ID143,1971-12-31,1001.0
ID143,1972-12-31,1056.0
ID143,1973-12-31,1122.0
ID143,1974-12-31,1183.0
ID143,1975-12-31,1276.0
ID143,1976-12-31,1349.0
ID143,1977-12-31,1569.0
ID143,1978-12-31,1660.0
ID144,1968-12-31,586.0
ID144,1969-12-31,662.0
ID144,1970-12-31,686.0
ID144,1971-12-31,832.0
ID144,1972-12-31,966.0
ID144,1973-12-31,1075.0
ID144,1974-12-31,1028.0
ID144,1975-12-31,1164.0
ID144,1976-12-31,1333.0
ID144,1977-12-31,1546.0
ID144,1978-12-31,1588.0
ID145,1968-12-31,814.0
ID145,1969-12-31,1074.0
ID145,1970-12-31,1440.0
ID145,1971-12-31,1521.0
ID145,1972-12-31,1515.0
ID145,1973-12-31,1465.0
ID145,1974-12-31,1544.0
ID145,1975-12-31,1521.0
ID145,1976-12-31,1466.0
ID145,1977-12-31,1512.0
ID145,1978-12-31,1583.0
ID146,1968-12-31,1312.0
ID146,1969-12-31,1420.0
ID146,1970-12-31,1536.0
ID146,1971-12-31,1604.0
ID146,1972-12-31,1695.0
ID146,1973-12-31,1812.0
ID146,1974-12-31,1999.0
ID146,1975-12-31,2180.0
ID146,1976-12-31,2317.0
ID146,1977-12-31,2523.0
ID146,1978-12-31,2701.0
ID147,1968-12-31,331.0
ID147,1969-12-31,376.0
ID147,1970-12-31,494.0
ID147,1971-12-31,630.0
ID147,1972-12-31,645.0
ID147,1973-12-31,639.0
ID147,1974-12-31,634.0
ID147,1975-12-31,616.0
ID147,1976-12-31,686.0
ID147,1977-12-31,661.0
ID147,1978-12-31,750.0
ID148,1968-12-31,469.0
ID148,1969-12-31,511.0
ID148,1970-12-31,564.0
ID148,1971-12-31,597.0
ID148,1972-12-31,655.0
ID148,1973-12-31,777.0
ID148,1974-12-31,896.0
ID148,1975-12-31,979.0
ID148,1976-12-31,1048.0
ID148,1977-12-31,1113.0
ID148,1978-12-31,1227.0
ID149,1968-12-31,900.0
ID149,1969-12-31,1002.0
ID149,1970-12-31,1048.0
ID149,1971-12-31,1132.0
ID149,1972-12-31,1252.0
ID149,1973-12-31,1413.0
ID149,1974-12-31,1573.0
ID149,1975-12-31,1786.0
ID149,1976-12-31,1858.0
ID149,1977-12-31,1962.0
ID149,1978-12-31,2143.0
ID15,1973-12-31,4.96999979019165
ID15,1974-12-31,5.090000152587891
ID15,1975-12-31,5.210000038146973
ID15,1976-12-31,5.369999885559082
ID15,1977-12-31,5.590000152587891
ID15,1978-12-31,5.809999942779541
ID15,1979-12-31,6.019999980926514
ID15,1980-12-31,6.130000114440918
ID15,1981-12-31,6.329999923706055
ID15,1982-12-31,6.599999904632568
ID15,1983-12-31,6.909999847412109
ID15,1984-12-31,7.070000171661377
ID15,1985-12-31,7.179999828338623
ID15,1986-12-31,7.269999980926514
ID15,1987-12-31,7.440000057220459
ID15,1988-12-31,7.559999942779541
ID15,1989-12-31,7.630000114440918
ID15,1990-12-31,8.079999923706055
ID15,1991-12-31,8.180000305175781
ID150,1968-12-31,1552.0
ID150,1969-12-31,1418.0
ID150,1970-12-31,1394.0
ID150,1971-12-31,1450.0
ID150,1972-12-31,1561.0
ID150,1973-12-31,1673.0
ID150,1974-12-31,1726.0
ID150,1975-12-31,1772.0
ID150,1976-12-31,1790.0
ID150,1977-12-31,1884.0
ID150,1978-12-31,2016.0
ID151,1971-12-31,159.0
ID151,1972-12-31,110.0
ID151,1973-12-31,80.0
ID151,1974-12-31,95.0
ID151,1975-12-31,141.0
ID151,1976-12-31,130.0
ID151,1977-12-31,111.0
ID151,1978-12-31,98.0
ID151,1979-12-31,97.0
ID152,1865-12-31,30450.0
ID152,1866-12-31,30700.0
ID152,1867-12-31,30940.0
ID152,1868-12-31,31190.0
ID152,1869-12-31,31410.0
ID152,1870-12-31,31600.0
ID152,1871-12-31,31800.0
ID152,1872-12-31,32000.0
ID152,1873-12-31,32280.0
ID152,1874-12-31,32370.0
ID152,1875-12-31,32570.0
ID152,1876-12-31,32730.0
ID152,1877-12-31,32890.0
ID152,1878-12-31,33070.0
ID152,1879-12-31,33260.0
ID152,1880-12-31,33540.0
ID152,1881-12-31,33690.0
ID152,1882-12-31,33790.0
ID152,1883-12-31,33940.0
ID152,1884-12-31,34080.0
ID152,1885-12-31,34230.0
ID152,1886-12-31,34450.0
ID152,1887-12-31,34660.0
ID152,1888-12-31,34900.0
ID152,1889-12-31,35160.0
ID152,1890-12-31,35400.0
ID152,1891-12-31,35470.0
ID152,1892-12-31,35520.0
ID152,1893-12-31,35550.0
ID152,1894-12-31,35630.0
ID152,1895-12-31,35800.0
ID152,1896-12-31,35950.0
ID152,1897-12-31,36070.0
ID152,1898-12-31,36230.0
ID152,1899-12-31,36080.0
ID152,1900-12-31,36190.0
ID152,1901-12-31,36300.0
ID153,1865-12-31,223.0
ID153,1866-12-31,236.0
ID153,1867-12-31,262.0
ID153,1868-12-31,238.0
ID153,1869-12-31,243.0
ID153,1870-12-31,247.0
ID153,1871-12-31,256.0
ID153,1872-12-31,246.0
ID153,1873-12-31,251.0
ID153,1874-12-31,270.0
ID153,1875-12-31,246.0
ID153,1876-12-31,242.0
ID153,1877-12-31,264.0
ID153,1878-12-31,271.0
ID153,1879-12-31,276.0
ID153,1880-12-31,274.0
ID153,1881-12-31,267.0
ID153,1882-12-31,273.0
ID153,1883-12-31,267.0
ID153,1884-12-31,283.0
ID153,1885-12-31,282.0
ID153,1886-12-31,281.0
ID153,1887-12-31,285.0
ID153,1888-12-31,280.0
ID153,1889-12-31,283.0
ID153,1890-12-31,268.0
ID153,1891-12-31,250.0
ID153,1892-12-31,294.0
ID153,1893-12-31,279.0
ID153,1894-12-31,298.0
ID153,1895-12-31,287.0
ID153,1896-12-31,281.0
ID153,1897-12-31,281.0
ID153,1898-12-31,271.0
ID153,1899-12-31,283.0
ID153,1900-12-31,284.0
ID153,1901-12-31,290.0
ID154,1973-12-31,2067.0
ID154,1974-12-31,2261.0
ID154,1975-12-31,2102.0
ID154,1976-12-31,1590.0
ID154,1977-12-31,1768.0
ID154,1978-12-31,2246.0
ID154,1979-12-31,1602.0
ID155,1865-12-31,498.0
ID155,1866-12-31,501.0
ID155,1867-12-31,496.0
ID155,1868-12-31,508.0
ID155,1869-12-31,503.0
ID155,1870-12-31,511.0
ID155,1871-12-31,505.0
ID155,1872-12-31,502.0
ID155,1873-12-31,496.0
ID155,1874-12-31,497.0
ID155,1875-12-31,509.0
ID155,1876-12-31,483.0
ID155,1877-12-31,501.0
ID155,1878-12-31,509.0
ID155,1879-12-31,512.0
ID155,1880-12-31,505.0
ID155,1881-12-31,486.0
ID155,1882-12-31,496.0
ID155,1883-12-31,493.0
ID155,1884-12-31,489.0
ID155,1885-12-31,503.0
ID155,1886-12-31,506.0
ID155,1887-12-31,503.0
ID155,1888-12-31,492.0
ID155,1889-12-31,505.0
ID155,1890-12-31,496.0
ID155,1891-12-31,461.0
ID155,1892-12-31,482.0
ID155,1893-12-31,506.0
ID155,1894-12-31,490.0
ID155,1895-12-31,496.0
ID155,1896-12-31,495.0
ID155,1897-12-31,482.0
ID155,1898-12-31,474.0
ID155,1899-12-31,463.0
ID155,1900-12-31,488.0
ID155,1901-12-31,482.0
ID156,1865-12-31,372.0
ID156,1866-12-31,392.0
ID156,1867-12-31,376.0
ID156,1868-12-31,386.0
ID156,1869-12-31,401.0
ID156,1870-12-31,421.0
ID156,1871-12-31,400.0
ID156,1872-12-31,422.0
ID156,1873-12-31,405.0
ID156,1874-12-31,407.0
ID156,1875-12-31,405.0
ID156,1876-12-31,466.0
ID156,1877-12-31,409.0
ID156,1878-12-31,462.0
ID156,1879-12-31,415.0
ID156,1880-12-31,377.0
ID156,1881-12-31,425.0
ID156,1882-12-31,411.0
ID156,1883-12-31,386.0
ID156,1884-12-31,406.0
ID156,1885-12-31,404.0
ID156,1886-12-31,417.0
ID156,1887-12-31,400.0
ID156,1888-12-31,384.0
ID156,1889-12-31,370.0
ID156,1890-12-31,411.0
ID156,1891-12-31,425.0
ID156,1892-12-31,420.0
ID156,1893-12-31,488.0
ID156,1894-12-31,382.0
ID156,1895-12-31,398.0
ID156,1896-12-31,406.0
ID156,1897-12-31,397.0
ID156,1898-12-31,498.0
ID156,1899-12-31,487.0
ID156,1900-12-31,425.0
ID156,1901-12-31,428.0
ID157,1865-12-31,369.0
ID157,1866-12-31,385.0
ID157,1867-12-31,367.0
ID157,1868-12-31,378.0
ID157,1869-12-31,399.0
ID157,1870-12-31,417.0
ID157,1871-12-31,392.0
ID157,1872-12-31,415.0
ID157,1873-12-31,398.0
ID157,1874-12-31,401.0
ID157,1875-12-31,396.0
ID157,1876-12-31,468.0
ID157,1877-12-31,403.0
ID157,1878-12-31,456.0
ID157,1879-12-31,402.0
ID157,1880-12-31,371.0
ID157,1881-12-31,428.0
ID157,1882-12-31,407.0
ID157,1883-12-31,386.0
ID157,1884-12-31,403.0
ID157,1885-12-31,391.0
ID157,1886-12-31,409.0
ID157,1887-12-31,399.0
ID157,1888-12-31,384.0
ID157,1889-12-31,372.0
ID157,1890-12-31,410.0
ID157,1891-12-31,424.0
ID157,1892-12-31,417.0
ID157,1893-12-31,485.0
ID157,1894-12-31,380.0
ID157,1895-12-31,401.0
ID157,1896-12-31,405.0
ID157,1897-12-31,399.0
ID157,1898-12-31,495.0
ID157,1899-12-31,451.0
ID157,1900-12-31,412.0
ID157,1901-12-31,431.0
ID158,1865-12-31,741.0
ID158,1866-12-31,777.0
ID158,1867-12-31,743.0
ID158,1868-12-31,764.0
ID158,1869-12-31,800.0
ID158,1870-12-31,838.0
ID158,1871-12-31,792.0
ID158,1872-12-31,837.0
ID158,1873-12-31,803.0
ID158,1874-12-31,808.0
ID158,1875-12-31,801.0
ID158,1876-12-31,934.0
ID158,1877-12-31,812.0
ID158,1878-12-31,918.0
ID158,1879-12-31,817.0
ID158,1880-12-31,748.0
ID158,1881-12-31,858.0
ID158,1882-12-31,818.0
ID158,1883-12-31,772.0
ID158,1884-12-31,809.0
ID158,1885-12-31,795.0
ID158,1886-12-31,826.0
ID158,1887-12-31,799.0
ID158,1888-12-31,768.0
ID158,1889-12-31,742.0
ID158,1890-12-31,821.0
ID158,1891-12-31,849.0
ID158,1892-12-31,837.0
ID158,1893-12-31,973.0
ID158,1894-12-31,762.0
ID158,1895-12-31,799.0
ID158,1896-12-31,811.0
ID158,1897-12-31,796.0
ID158,1898-12-31,993.0
ID158,1899-12-31,938.0
ID158,1900-12-31,837.0
ID158,1901-12-31,859.0
ID159,1865-12-31,897.0
ID159,1866-12-31,903.0
ID159,1867-12-31,894.0
ID159,1868-12-31,913.0
ID159,1869-12-31,904.0
ID159,1870-12-31,920.0
ID159,1871-12-31,909.0
ID159,1872-12-31,906.0
ID159,1873-12-31,896.0
ID159,1874-12-31,899.0
ID159,1875-12-31,916.0
ID159,1876-12-31,870.0
ID159,1877-12-31,899.0
ID159,1878-12-31,913.0
ID159,1879-12-31,919.0
ID159,1880-12-31,906.0
ID159,1881-12-31,874.0
ID159,1882-12-31,892.0
ID159,1883-12-31,888.0
ID159,1884-12-31,881.0
ID159,1885-12-31,906.0
ID159,1886-12-31,913.0
ID159,1887-12-31,909.0
ID159,1888-12-31,890.0
ID159,1889-12-31,914.0
ID159,1890-12-31,897.0
ID159,1891-12-31,838.0
ID159,1892-12-31,873.0
ID159,1893-12-31,916.0
ID159,1894-12-31,884.0
ID159,1895-12-31,901.0
ID159,1896-12-31,895.0
ID159,1897-12-31,869.0
ID159,1898-12-31,853.0
ID159,1899-12-31,838.0
ID159,1900-12-31,884.0
ID159,1901-12-31,870.0
ID16,1972-12-31,1045.0
ID16,1973-12-31,12031.0
ID16,1974-12-31,20306.0
ID16,1975-12-31,25513.0
ID16,1976-12-31,35766.0
ID16,1977-12-31,37868.0
ID16,1978-12-31,47797.0
ID16,1979-12-31,66621.0
ID16,1980-12-31,50626.0
ID16,1981-12-31,41184.0
ID16,1982-12-31,42929.0
ID16,1983-12-31,45495.0
ID16,1984-12-31,45044.0
ID16,1985-12-31,47903.0
ID16,1986-12-31,41512.0
ID16,1987-12-31,33061.0
ID16,1988-12-31,58243.0
ID16,1989-12-31,43464.0
ID16,1990-12-31,65667.0
ID16,1991-12-31,80389.0
ID16,1992-12-31,75747.0
ID160,1865-12-31,965.0
ID160,1866-12-31,973.0
ID160,1867-12-31,963.0
ID160,1868-12-31,984.0
ID160,1869-12-31,973.0
ID160,1870-12-31,992.0
ID160,1871-12-31,980.0
ID160,1872-12-31,977.0
ID160,1873-12-31,965.0
ID160,1874-12-31,968.0
ID160,1875-12-31,987.0
ID160,1876-12-31,937.0
ID160,1877-12-31,970.0
ID160,1878-12-31,987.0
ID160,1879-12-31,994.0
ID160,1880-12-31,980.0
ID160,1881-12-31,944.0
ID160,1882-12-31,963.0
ID160,1883-12-31,958.0
ID160,1884-12-31,952.0
ID160,1885-12-31,977.0
ID160,1886-12-31,983.0
ID160,1887-12-31,978.0
ID160,1888-12-31,959.0
ID160,1889-12-31,983.0
ID160,1890-12-31,966.0
ID160,1891-12-31,902.0
ID160,1892-12-31,940.0
ID160,1893-12-31,986.0
ID160,1894-12-31,954.0
ID160,1895-12-31,971.0
ID160,1896-12-31,965.0
ID160,1897-12-31,937.0
ID160,1898-12-31,923.0
ID160,1899-12-31,902.0
ID160,1900-12-31,952.0
ID160,1901-12-31,941.0
ID161,1976-12-31,2822.0
ID161,1977-12-31,2859.0
ID161,1978-12-31,4602.0
ID161,1979-12-31,3740.0
ID161,1980-12-31,3852.0
ID161,1981-12-31,4714.0
ID161,1982-12-31,3911.0
ID161,1983-12-31,4070.0
ID161,1984-12-31,3786.0
ID161,1985-12-31,3366.0
ID161,1986-12-31,2875.0
ID161,1987-12-31,3628.0
ID161,1988-12-31,2817.0
ID162,1976-12-31,40.900001525878906
ID162,1977-12-31,40.5
ID162,1978-12-31,40.099998474121094
ID162,1979-12-31,40.0
ID162,1980-12-31,40.0
ID162,1981-12-31,40.099998474121094
ID162,1982-12-31,40.099998474121094
ID162,1983-12-31,40.099998474121094
ID162,1984-12-31,39.70000076293945
ID162,1985-12-31,40.20000076293945
ID162,1986-12-31,40.70000076293945
ID162,1987-12-31,38.0
ID162,1988-12-31,37.79999923706055
ID163,1976-12-31,40.400001525878906
ID163,1977-12-31,39.79999923706055
ID163,1978-12-31,39.20000076293945
ID163,1979-12-31,40.29999923706055
ID163,1980-12-31,39.70000076293945
ID163,1981-12-31,39.79999923706055
ID163,1982-12-31,40.400001525878906
ID163,1983-12-31,40.5
ID163,1984-12-31,40.70000076293945
ID163,1985-12-31,41.20000076293945
ID163,1986-12-31,41.599998474121094
ID163,1987-12-31,40.599998474121094
ID163,1988-12-31,40.70000076293945
ID164,1975-12-31,1305.0
ID164,1976-12-31,2219.0
ID164,1977-12-31,1922.0
ID164,1978-12-31,1029.0
ID164,1979-12-31,980.0
ID164,1980-12-31,1019.0
ID164,1981-12-31,2035.0
ID164,1982-12-31,1580.0
ID164,1983-12-31,1442.0
ID164,1984-12-31,1541.0
ID164,1985-12-31,2681.0
ID164,1986-12-31,2022.0
ID164,1987-12-31,2060.0
ID164,1988-12-31,2518.0
ID164,1989-12-31,2016.0
ID164,1990-12-31,1971.0
ID164,1991-12-31,1718.0
ID164,1992-12-31,1435.0
ID164,1993-12-31,1120.0
ID164,1994-12-31,1060.0
ID165,1967-12-31,24.700000762939453
ID165,1968-12-31,25.0
ID165,1969-12-31,24.700000762939453
ID165,1970-12-31,24.899999618530273
ID165,1971-12-31,25.0
ID165,1972-12-31,24.299999237060547
ID165,1973-12-31,24.100000381469727
ID166,1967-12-31,9.600000381469727
ID166,1968-12-31,9.199999809265137
ID166,1969-12-31,9.300000190734863
ID166,1970-12-31,9.300000190734863
ID166,1971-12-31,9.600000381469727
ID166,1972-12-31,9.5
ID166,1973-12-31,9.399999618530273
ID167,1968-12-31,398464.0
ID167,1969-12-31,386768.0
ID167,1970-12-31,382665.0
ID167,1971-12-31,393754.0
ID167,1972-12-31,391853.0
ID167,1973-12-31,380813.0
ID167,1974-12-31,378902.0
ID167,1975-12-31,383888.0
ID167,1976-12-31,382734.0
ID167,1977-12-31,369788.0
ID167,1978-12-31,396378.0
ID167,1979-12-31,393000.0
ID168,1970-12-31,2.4700000286102295
ID168,1971-12-31,2.3499999046325684
ID168,1972-12-31,2.299999952316284
ID168,1973-12-31,2.2799999713897705
ID168,1974-12-31,2.240000009536743
ID168,1975-12-31,2.119999885559082
ID168,1976-12-31,2.240000009536743
ID168,1977-12-31,2.180000066757202
ID168,1978-12-31,2.259999990463257
ID168,1979-12-31,2.2200000286102295
ID169,1968-12-31,1586570.0
ID169,1969-12-31,1674530.0
ID169,1970-12-31,1602380.0
ID169,1971-12-31,1547070.0
ID169,1972-12-31,1553470.0
ID169,1973-12-31,1479250.0
ID169,1974-12-31,1538350.0
ID169,1975-12-31,1591980.0
ID169,1976-12-31,1524580.0
ID169,1977-12-31,1457340.0
ID169,1978-12-31,1498960.0
ID169,1979-12-31,1523380.0
ID17,1972-12-31,5.0
ID17,1973-12-31,8536.0
ID17,1974-12-31,18971.0
ID17,1975-12-31,32850.0
ID17,1976-12-31,70608.0
ID17,1977-12-31,86077.0
ID17,1978-12-31,100525.0
ID17,1979-12-31,121461.0
ID17,1980-12-31,120460.0
ID17,1981-12-31,157851.0
ID17,1982-12-31,176392.0
ID17,1983-12-31,219000.0
ID17,1984-12-31,269540.0
ID17,1985-12-31,367673.0
ID17,1986-12-31,461099.0
ID17,1987-12-31,484684.0
ID17,1988-12-31,349699.0
ID17,1989-12-31,499888.0
ID17,1990-12-31,588478.0
ID17,1991-12-31,476008.0
ID170,1975-12-31,393.0
ID170,1976-12-31,414.0
ID170,1977-12-31,413.0
ID170,1978-12-31,428.0
ID170,1979-12-31,450.0
ID170,1980-12-31,479.0
ID170,1981-12-31,499.0
ID170,1982-12-31,523.0
ID171,1971-12-31,24152.0
ID171,1972-12-31,24217.0
ID171,1973-12-31,24317.0
ID171,1974-12-31,24401.0
ID171,1975-12-31,24510.0
ID171,1976-12-31,24645.0
ID171,1977-12-31,24779.0
ID171,1978-12-31,24889.0
ID171,1979-12-31,25044.0
ID171,1980-12-31,25272.0
ID171,1981-12-31,25534.0
ID171,1982-12-31,25854.0
ID171,1983-12-31,26038.0
ID172,1966-12-31,418.0
ID172,1967-12-31,453.0
ID172,1968-12-31,410.0
ID172,1969-12-31,492.0
ID172,1970-12-31,528.0
ID172,1971-12-31,466.0
ID172,1972-12-31,440.0
ID172,1973-12-31,421.0
ID172,1974-12-31,410.0
ID172,1975-12-31,407.0
ID172,1976-12-31,414.0
ID172,1977-12-31,409.0
ID172,1978-12-31,406.0
ID172,1979-12-31,424.0
ID172,1980-12-31,438.0
ID172,1981-12-31,448.0
ID173,1966-12-31,393.0
ID173,1967-12-31,425.0
ID173,1968-12-31,386.0
ID173,1969-12-31,464.0
ID173,1970-12-31,498.0
ID173,1971-12-31,439.0
ID173,1972-12-31,415.0
ID173,1973-12-31,397.0
ID173,1974-12-31,387.0
ID173,1975-12-31,386.0
ID173,1976-12-31,390.0
ID173,1977-12-31,386.0
ID173,1978-12-31,383.0
ID173,1979-12-31,401.0
ID173,1980-12-31,413.0
ID173,1981-12-31,423.0
ID174,1974-12-31,307198.0
ID174,1975-12-31,305958.0
ID174,1976-12-31,310322.0
ID174,1977-12-31,310311.0
ID174,1978-12-31,308746.0
ID174,1979-12-31,322023.0
ID174,1980-12-31,325783.0
ID174,1981-12-31,334842.0
ID174,1982-12-31,314573.0
ID174,1983-12-31,323083.0
ID174,1984-12-31,329757.0
ID175,1971-12-31,26139.0
ID175,1972-12-31,26214.0
ID175,1973-12-31,26276.0
ID175,1974-12-31,26364.0
ID175,1975-12-31,26436.0
ID175,1976-12-31,26539.0
ID175,1977-12-31,26651.0
ID175,1978-12-31,26764.0
ID175,1979-12-31,26912.0
ID175,1980-12-31,27100.0
ID175,1981-12-31,27282.0
ID175,1982-12-31,27487.0
ID175,1983-12-31,27640.0
ID176,1974-12-31,290783.0
ID176,1975-12-31,285242.0
ID176,1976-12-31,293718.0
ID176,1977-12-31,295804.0
ID176,1978-12-31,294582.0
ID176,1979-12-31,309765.0
ID176,1980-12-31,310268.0
ID176,1981-12-31,319446.0
ID176,1982-12-31,296557.0
ID176,1983-12-31,304715.0
ID176,1984-12-31,313997.0
ID177,1973-12-31,11693.0
ID177,1974-12-31,11702.0
ID177,1975-12-31,11703.0
ID177,1976-12-31,11557.0
ID177,1977-12-31,11951.0
ID177,1978-12-31,12048.0
ID177,1979-12-31,12705.0
ID177,1980-12-31,12408.0
ID177,1981-12-31,11989.0
ID177,1982-12-31,11325.0
ID178,1973-12-31,8438.0
ID178,1974-12-31,8689.0
ID178,1975-12-31,8590.0
ID178,1976-12-31,8763.0
ID178,1977-12-31,8710.0
ID178,1978-12-31,8837.0
ID178,1979-12-31,9114.0
ID178,1980-12-31,9160.0
ID178,1981-12-31,8868.0
ID178,1982-12-31,8246.0
ID179,1975-12-31,55.90999984741211
ID179,1976-12-31,54.70000076293945
ID179,1977-12-31,55.29999923706055
ID179,1978-12-31,55.75
ID179,1979-12-31,55.459999084472656
ID179,1980-12-31,55.369998931884766
ID179,1981-12-31,53.81999969482422
ID179,1982-12-31,55.11000061035156
ID179,1983-12-31,56.04999923706055
ID179,1984-12-31,55.68000030517578
ID179,1985-12-31,54.18000030517578
ID179,1986-12-31,54.81999969482422
ID179,1987-12-31,54.95000076293945
ID179,1988-12-31,54.18000030517578
ID179,1989-12-31,54.2400016784668
ID179,1990-12-31,54.13999938964844
ID179,1991-12-31,54.470001220703125
ID179,1992-12-31,54.9900016784668
ID179,1993-12-31,55.54999923706055
ID179,1994-12-31,55.790000915527344
ID18,1972-12-31,2189.2900390625
ID18,1973-12-31,2830.639892578125
ID18,1974-12-31,2256.02001953125
ID18,1975-12-31,2698.0400390625
ID18,1976-12-31,3372.330078125
ID18,1977-12-31,4064.820068359375
ID18,1978-12-31,3829.080078125
ID18,1979-12-31,4046.6201171875
ID18,1980-12-31,4135.89013671875
ID18,1981-12-31,4895.1201171875
ID18,1982-12-31,5244.39990234375
ID18,1983-12-31,5479.27978515625
ID18,1984-12-31,5365.740234375
ID18,1985-12-31,5691.6201171875
ID18,1986-12-31,5657.81982421875
ID18,1987-12-31,5970.7001953125
ID18,1988-12-31,6346.85009765625
ID18,1989-12-31,6140.56982421875
ID18,1990-12-31,6846.93017578125
ID180,1975-12-31,564.0
ID180,1976-12-31,841.0
ID180,1977-12-31,854.0
ID180,1978-12-31,689.0
ID180,1979-12-31,559.0
ID180,1980-12-31,510.0
ID180,1981-12-31,997.0
ID180,1982-12-31,823.0
ID180,1983-12-31,832.0
ID180,1984-12-31,821.0
ID180,1985-12-31,1242.0
ID180,1986-12-31,1063.0
ID180,1987-12-31,1080.0
ID180,1988-12-31,1368.0
ID180,1989-12-31,1175.0
ID180,1990-12-31,1216.0
ID180,1991-12-31,1195.0
ID180,1992-12-31,1056.0
ID180,1993-12-31,921.0
ID180,1994-12-31,1078.0
ID19,1972-12-31,141.0
ID19,1973-12-31,863.0
ID19,1974-12-31,2245.0
ID19,1975-12-31,5202.0
ID19,1976-12-31,8637.0
ID19,1977-12-31,8559.0
ID19,1978-12-31,5065.0
ID19,1979-12-31,6034.0
ID19,1980-12-31,3534.0
ID19,1981-12-31,3841.0
ID19,1982-12-31,6252.0
ID19,1983-12-31,10013.0
ID19,1984-12-31,18869.0
ID19,1985-12-31,21551.0
ID19,1986-12-31,20961.0
ID19,1987-12-31,16208.0
ID19,1988-12-31,19348.0
ID19,1989-12-31,15198.0
ID19,1990-12-31,17242.0
ID19,1991-12-31,21784.0
ID2,1974-12-31,2142.0
ID2,1975-12-31,12935.0
ID2,1976-12-31,19130.0
ID2,1977-12-31,30500.0
ID2,1978-12-31,48177.0
ID2,1979-12-31,57462.0
ID2,1980-12-31,64420.0
ID2,1981-12-31,67689.0
ID2,1982-12-31,73598.0
ID2,1983-12-31,92086.0
ID2,1984-12-31,112223.0
ID2,1985-12-31,126902.0
ID2,1986-12-31,145346.0
ID2,1987-12-31,180153.0
ID2,1988-12-31,193760.0
ID2,1989-12-31,213266.0
ID2,1990-12-31,236272.0
ID2,1991-12-31,265299.0
ID2,1992-12-31,254948.0
ID2,1993-12-31,266798.0
ID2,1994-12-31,338846.0
ID20,1964-12-31,51.400001525878906
ID20,1965-12-31,49.29999923706055
ID20,1966-12-31,50.0
ID20,1967-12-31,57.0
ID20,1968-12-31,61.599998474121094
ID20,1969-12-31,56.79999923706055
ID20,1970-12-31,51.400001525878906
ID20,1971-12-31,45.79999923706055
ID20,1972-12-31,40.099998474121094
ID20,1973-12-31,35.70000076293945
ID20,1974-12-31,32.79999923706055
ID21,1973-12-31,2.569999933242798
ID21,1974-12-31,2.5799999237060547
ID21,1975-12-31,2.5999999046325684
ID21,1976-12-31,2.630000114440918
ID21,1977-12-31,2.640000104904175
ID21,1978-12-31,2.6500000953674316
ID21,1979-12-31,2.6500000953674316
ID21,1980-12-31,2.6600000858306885
ID21,1981-12-31,2.6700000762939453
ID21,1982-12-31,2.680000066757202
ID21,1983-12-31,2.7100000381469727
ID21,1984-12-31,2.7100000381469727
ID22,1976-12-31,131.5
ID22,1977-12-31,576.5
ID22,1978-12-31,1033.800048828125
ID22,1979-12-31,1223.199951171875
ID22,1980-12-31,1202.9000244140625
ID22,1981-12-31,1232.0
ID22,1982-12-31,1345.4000244140625
ID22,1983-12-31,1503.199951171875
ID22,1984-12-31,1675.4000244140625
ID22,1985-12-31,1870.0
ID22,1986-12-31,2176.300048828125
ID22,1987-12-31,2355.60009765625
ID22,1988-12-31,2336.89990234375
ID22,1989-12-31,2308.39990234375
ID22,1990-12-31,2206.10009765625
ID23,1976-12-31,11.5
ID23,1977-12-31,143.1999969482422
ID23,1978-12-31,178.3000030517578
ID23,1979-12-31,122.0999984741211
ID23,1980-12-31,110.80000305175781
ID23,1981-12-31,92.69999694824219
ID23,1982-12-31,93.5999984741211
ID23,1983-12-31,79.5
ID23,1984-12-31,74.0
ID23,1985-12-31,84.0
ID23,1986-12-31,84.0999984741211
ID24,1976-12-31,0.10000000149011612
ID24,1977-12-31,65.30000305175781
ID24,1978-12-31,233.89999389648438
ID24,1979-12-31,297.20001220703125
ID24,1980-12-31,307.29998779296875
ID24,1981-12-31,307.5
ID24,1982-12-31,251.10000610351562
ID24,1983-12-31,177.8000030517578
ID24,1984-12-31,126.30000305175781
ID24,1985-12-31,101.4000015258789
ID24,1986-12-31,100.0999984741211
ID24,1987-12-31,88.4000015258789
ID24,1988-12-31,91.0999984741211
ID24,1989-12-31,85.9000015258789
ID24,1990-12-31,86.4000015258789
ID24,1991-12-31,81.9000015258789
ID24,1992-12-31,86.69999694824219
ID24,1993-12-31,101.9000015258789
ID24,1994-12-31,86.80000305175781
ID24,1995-12-31,73.5999984741211
ID25,1973-12-31,18820900.0
ID25,1974-12-31,18322300.0
ID25,1975-12-31,19123200.0
ID25,1976-12-31,13393000.0
ID25,1977-12-31,14257400.0
ID25,1978-12-31,15941100.0
ID25,1979-12-31,14944300.0
ID25,1980-12-31,14676900.0
ID25,1981-12-31,16108800.0
ID25,1982-12-31,19436000.0
ID25,1983-12-31,21032000.0
ID26,1974-12-31,13553800.0
ID26,1975-12-31,13198800.0
ID26,1976-12-31,13535700.0
ID26,1977-12-31,9686230.0
ID26,1978-12-31,10267800.0
ID26,1979-12-31,11418700.0
ID26,1980-12-31,10044500.0
ID26,1981-12-31,10390800.0
ID26,1982-12-31,10987000.0
ID26,1983-12-31,12762000.0
ID26,1984-12-31,14319000.0
ID27,1977-12-31,2022.0
ID27,1978-12-31,9193.0
ID27,1979-12-31,3687.0
ID27,1980-12-31,3554.0
ID27,1981-12-31,3046.0
ID27,1982-12-31,1807.0
ID27,1983-12-31,1380.0
ID27,1984-12-31,1911.0
ID27,1985-12-31,3342.0
ID27,1986-12-31,1056.0
ID27,1987-12-31,1775.0
ID27,1988-12-31,2471.0
ID27,1989-12-31,1545.0
ID27,1990-12-31,2901.0
ID27,1991-12-31,4419.0
ID27,1992-12-31,2846.0
ID27,1993-12-31,3442.0
ID27,1994-12-31,2220.0
ID27,1995-12-31,2800.0
ID27,1996-12-31,2383.0
ID27,1997-12-31,2073.0
ID27,1998-12-31,1798.0
ID27,1999-12-31,2418.0
ID27,2000-12-31,2328.0
ID27,2001-12-31,1665.0
ID27,2002-12-31,2388.0
ID27,2003-12-31,2089.0
ID27,2004-12-31,2841.0
ID27,2005-12-31,3044.0
ID27,2006-12-31,2952.0
ID27,2007-12-31,2116.0
ID28,1977-12-31,589.0
ID28,1978-12-31,635.0
ID28,1979-12-31,671.0
ID28,1980-12-31,671.0
ID28,1981-12-31,671.0
ID28,1982-12-31,708.0
ID28,1983-12-31,708.0
ID28,1984-12-31,762.0
ID28,1985-12-31,800.0
ID28,1986-12-31,815.0
ID28,1987-12-31,800.0
ID28,1988-12-31,773.0
ID28,1989-12-31,760.0
ID28,1990-12-31,780.0
ID28,1991-12-31,727.0
ID28,1992-12-31,770.0
ID28,1993-12-31,784.0
ID28,1994-12-31,841.0
ID29,1977-12-31,553.0
ID29,1978-12-31,631.0
ID29,1979-12-31,546.0
ID29,1980-12-31,601.0
ID29,1981-12-31,699.0
ID29,1982-12-31,724.0
ID29,1983-12-31,737.0
ID29,1984-12-31,750.0
ID29,1985-12-31,742.0
ID29,1986-12-31,787.0
ID29,1987-12-31,828.0
ID29,1988-12-31,826.0
ID29,1989-12-31,796.0
ID29,1990-12-31,791.0
ID29,1991-12-31,749.0
ID29,1992-12-31,751.0
ID29,1993-12-31,740.0
ID29,1994-12-31,764.0
ID29,1995-12-31,812.0
ID29,1996-12-31,851.0
ID3,1974-12-31,5774.0
ID3,1975-12-31,7650.0
ID3,1976-12-31,9271.0
ID3,1977-12-31,21447.0
ID3,1978-12-31,28998.0
ID3,1979-12-31,40991.0
ID3,1980-12-31,69030.0
ID3,1981-12-31,53926.0
ID3,1982-12-31,81376.0
ID3,1983-12-31,50023.0
ID3,1984-12-31,170673.0
ID3,1985-12-31,161909.0
ID3,1986-12-31,199636.0
ID3,1987-12-31,233006.0
ID3,1988-12-31,214539.0
ID3,1989-12-31,208055.0
ID3,1990-12-31,251314.0
ID3,1991-12-31,273587.0
ID3,1992-12-31,276606.0
ID3,1993-12-31,237456.0
ID3,1994-12-31,327433.0
ID30,1977-12-31,77.19999694824219
ID30,1978-12-31,130.5
ID30,1979-12-31,136.1999969482422
ID30,1980-12-31,108.9000015258789
ID30,1981-12-31,109.9000015258789
ID30,1982-12-31,119.30000305175781
ID30,1983-12-31,119.30000305175781
ID30,1984-12-31,121.0999984741211
ID30,1985-12-31,110.5
ID30,1986-12-31,100.80000305175781
ID30,1987-12-31,101.5
ID30,1988-12-31,102.4000015258789
ID30,1989-12-31,96.0
ID30,1990-12-31,94.5999984741211
ID30,1991-12-31,99.19999694824219
ID30,1992-12-31,101.5999984741211
ID30,1993-12-31,95.4000015258789
ID30,1994-12-31,92.30000305175781
ID30,1995-12-31,77.19999694824219
ID30,1996-12-31,88.0
ID31,1977-12-31,111.0
ID31,1978-12-31,115.0
ID31,1979-12-31,146.0
ID31,1980-12-31,139.0
ID31,1981-12-31,131.0
ID31,1982-12-31,153.0
ID31,1983-12-31,184.0
ID31,1984-12-31,159.0
ID31,1985-12-31,163.0
ID31,1986-12-31,139.0
ID31,1987-12-31,189.0
ID31,1988-12-31,209.0
ID32,1977-12-31,1565.0
ID32,1978-12-31,1805.0
ID32,1979-12-31,1695.0
ID32,1980-12-31,1969.0
ID32,1981-12-31,2301.0
ID32,1982-12-31,2515.0
ID32,1983-12-31,2687.0
ID32,1984-12-31,2844.0
ID32,1985-12-31,2919.0
ID32,1986-12-31,3111.0
ID32,1987-12-31,3434.0
ID32,1988-12-31,3524.0
ID32,1989-12-31,3609.0
ID32,1990-12-31,3740.0
ID32,1991-12-31,4024.0
ID32,1992-12-31,4039.0
ID32,1993-12-31,4143.0
ID32,1994-12-31,4212.0
ID32,1995-12-31,4741.0
ID32,1996-12-31,5182.0
ID33,1977-12-31,74.4000015258789
ID33,1978-12-31,121.0
ID33,1979-12-31,116.9000015258789
ID33,1980-12-31,97.0
ID33,1981-12-31,95.4000015258789
ID33,1982-12-31,98.69999694824219
ID33,1983-12-31,98.5
ID33,1984-12-31,100.80000305175781
ID33,1985-12-31,99.0999984741211
ID33,1986-12-31,95.0
ID33,1987-12-31,95.19999694824219
ID33,1988-12-31,97.0999984741211
ID33,1989-12-31,97.0999984741211
ID33,1990-12-31,96.19999694824219
ID33,1991-12-31,96.0
ID33,1992-12-31,97.5
ID33,1993-12-31,97.69999694824219
ID33,1994-12-31,96.19999694824219
ID33,1995-12-31,96.0
ID33,1996-12-31,98.19999694824219
ID34,1976-12-31,9160.0
ID34,1977-12-31,8837.0
ID34,1978-12-31,7907.0
ID34,1979-12-31,7104.0
ID34,1980-12-31,7103.0
ID34,1981-12-31,7948.0
ID34,1982-12-31,8385.0
ID34,1983-12-31,6944.0
ID34,1984-12-31,6677.0
ID34,1985-12-31,6932.0
ID34,1986-12-31,7739.0
ID34,1987-12-31,8489.0
ID34,1988-12-31,8496.0
ID34,1989-12-31,8095.0
ID34,1990-12-31,8799.0
ID34,1991-12-31,8891.0
ID34,1992-12-31,9010.0
ID34,1993-12-31,8753.0
ID34,1994-12-31,8951.0
ID35,1976-12-31,186.25
ID35,1977-12-31,163.97999572753906
ID35,1978-12-31,168.00999450683594
ID35,1979-12-31,192.57000732421875
ID35,1980-12-31,188.92999267578125
ID35,1981-12-31,191.08999633789062
ID35,1982-12-31,189.77000427246094
ID35,1983-12-31,183.35000610351562
ID35,1984-12-31,186.11000061035156
ID35,1985-12-31,194.35000610351562
ID35,1986-12-31,195.55999755859375
ID35,1987-12-31,194.11000061035156
ID35,1988-12-31,195.17999267578125
ID35,1989-12-31,197.85000610351562
ID35,1990-12-31,198.67999267578125
ID35,1991-12-31,186.4199981689453
ID35,1992-12-31,174.72000122070312
ID36,1977-12-31,54.20000076293945
ID36,1978-12-31,65.0999984741211
ID36,1979-12-31,97.0
ID36,1980-12-31,91.5
ID36,1981-12-31,86.69999694824219
ID36,1982-12-31,113.30000305175781
ID36,1983-12-31,111.80000305175781
ID36,1984-12-31,111.69999694824219
ID36,1985-12-31,103.80000305175781
ID36,1986-12-31,79.0999984741211
ID36,1987-12-31,78.5
ID36,1988-12-31,96.30000305175781
ID36,1989-12-31,93.19999694824219
ID36,1990-12-31,81.0999984741211
ID36,1991-12-31,84.19999694824219
ID36,1992-12-31,87.4000015258789
ID36,1993-12-31,88.30000305175781
ID36,1994-12-31,79.30000305175781
ID36,1995-12-31,73.5999984741211
ID36,1996-12-31,83.9000015258789
ID37,1977-12-31,3315.0
ID37,1978-12-31,3924.0
ID37,1979-12-31,3838.0
ID37,1980-12-31,3874.0
ID37,1981-12-31,4082.0
ID37,1982-12-31,4221.0
ID37,1983-12-31,4513.0
ID37,1984-12-31,4978.0
ID37,1985-12-31,5352.0
ID37,1986-12-31,5351.0
ID37,1987-12-31,5376.0
ID37,1988-12-31,5828.0
ID37,1989-12-31,6809.0
ID37,1990-12-31,7167.0
ID37,1991-12-31,7822.0
ID37,1992-12-31,8233.0
ID37,1993-12-31,8376.0
ID37,1994-12-31,9429.0
ID37,1995-12-31,10212.0
ID37,1996-12-31,10824.0
ID38,1976-12-31,3007.0
ID38,1977-12-31,3010.0
ID38,1978-12-31,3192.0
ID38,1979-12-31,3323.0
ID38,1980-12-31,3680.0
ID38,1981-12-31,3955.0
ID38,1982-12-31,4214.0
ID38,1983-12-31,4107.0
ID38,1984-12-31,4033.0
ID38,1985-12-31,4388.0
ID38,1986-12-31,4721.0
ID38,1987-12-31,5044.0
ID38,1988-12-31,5336.0
ID38,1989-12-31,5639.0
ID38,1990-12-31,6208.0
ID38,1991-12-31,6626.0
ID38,1992-12-31,7349.0
ID38,1993-12-31,7557.0
ID38,1994-12-31,8297.0
ID39,1976-12-31,6180.0
ID39,1977-12-31,6555.0
ID39,1978-12-31,6533.0
ID39,1979-12-31,6692.0
ID39,1980-12-31,6940.0
ID39,1981-12-31,7258.0
ID39,1982-12-31,7681.0
ID39,1983-12-31,7530.0
ID39,1984-12-31,7331.0
ID39,1985-12-31,7756.0
ID39,1986-12-31,8095.0
ID39,1987-12-31,8156.0
ID39,1988-12-31,8245.0
ID39,1989-12-31,8472.0
ID39,1990-12-31,9285.0
ID39,1991-12-31,9855.0
ID39,1992-12-31,10791.0
ID39,1993-12-31,10573.0
ID39,1994-12-31,10721.0
ID4,1976-12-31,432312.0
ID4,1977-12-31,569011.0
ID4,1978-12-31,862673.0
ID4,1979-12-31,1155640.0
ID4,1980-12-31,1439290.0
ID4,1981-12-31,1606790.0
ID4,1982-12-31,1066970.0
ID4,1983-12-31,1376830.0
ID4,1984-12-31,1794940.0
ID4,1985-12-31,2436800.0
ID4,1986-12-31,2250550.0
ID4,1987-12-31,3796120.0
ID4,1988-12-31,4262250.0
ID4,1989-12-31,3127930.0
ID4,1990-12-31,1962500.0
ID4,1991-12-31,3815160.0
ID4,1992-12-31,4701770.0
ID4,1993-12-31,5700830.0
ID4,1994-12-31,7531090.0
ID4,1995-12-31,7465550.0
ID4,1996-12-31,7549150.0
ID4,1997-12-31,10028000.0
ID4,1998-12-31,9823530.0
ID4,1999-12-31,12443300.0
ID4,2000-12-31,10796400.0
ID4,2001-12-31,10989800.0
ID4,2002-12-31,9521970.0
ID4,2003-12-31,11233100.0
ID4,2004-12-31,12736000.0
ID4,2005-12-31,11395900.0
ID4,2006-12-31,14640200.0
ID4,2007-12-31,16494800.0
ID4,2008-12-31,16997000.0
ID4,2009-12-31,20734000.0
ID4,2010-12-31,20208500.0
ID4,2011-12-31,20026300.0
ID4,2012-12-31,22755400.0
ID40,1976-12-31,15858.0
ID40,1977-12-31,16878.0
ID40,1978-12-31,16168.0
ID40,1979-12-31,16782.0
ID40,1980-12-31,17006.0
ID40,1981-12-31,18841.0
ID40,1982-12-31,18036.0
ID40,1983-12-31,16429.0
ID40,1984-12-31,16159.0
ID40,1985-12-31,17072.0
ID40,1986-12-31,17943.0
ID40,1987-12-31,18483.0
ID40,1988-12-31,19908.0
ID40,1989-12-31,22150.0
ID40,1990-12-31,21902.0
ID40,1991-12-31,24302.0
ID40,1992-12-31,23496.0
ID40,1993-12-31,23347.0
ID40,1994-12-31,25162.0
ID41,1976-12-31,40.0
ID41,1977-12-31,40.0
ID41,1978-12-31,40.0
ID41,1979-12-31,52.0
ID41,1980-12-31,80.0
ID41,1981-12-31,72.0
ID41,1982-12-31,84.0
ID41,1983-12-31,97.0
ID41,1984-12-31,103.0
ID41,1985-12-31,122.0
ID41,1986-12-31,160.0
ID41,1987-12-31,165.0
ID41,1988-12-31,198.0
ID41,1989-12-31,235.0
ID41,1990-12-31,262.0
ID41,1991-12-31,313.0
ID41,1992-12-31,380.0
ID41,1993-12-31,397.0
ID41,1994-12-31,448.0
ID42,1976-12-31,248.0
ID42,1977-12-31,261.0
ID42,1978-12-31,261.0
ID42,1979-12-31,290.0
ID42,1980-12-31,315.0
ID42,1981-12-31,333.0
ID42,1982-12-31,381.0
ID42,1983-12-31,363.0
ID42,1984-12-31,416.0
ID42,1985-12-31,440.0
ID42,1986-12-31,474.0
ID42,1987-12-31,533.0
ID42,1988-12-31,602.0
ID42,1989-12-31,657.0
ID42,1990-12-31,718.0
ID42,1991-12-31,753.0
ID42,1992-12-31,813.0
ID42,1993-12-31,944.0
ID42,1994-12-31,1006.0
ID43,1976-12-31,7400.0
ID43,1977-12-31,7413.0
ID43,1978-12-31,7254.0
ID43,1979-12-31,6226.0
ID43,1980-12-31,6534.0
ID43,1981-12-31,6092.0
ID43,1982-12-31,5700.0
ID43,1983-12-31,6100.0
ID43,1984-12-31,6300.0
ID43,1985-12-31,5363.0
ID43,1986-12-31,5531.0
ID43,1987-12-31,5661.0
ID43,1988-12-31,6072.0
ID43,1989-12-31,6618.0
ID43,1990-12-31,6965.0
ID44,1976-12-31,1083.0
ID44,1977-12-31,2666.0
ID44,1978-12-31,2393.0
ID44,1979-12-31,3109.0
ID44,1980-12-31,5071.0
ID44,1981-12-31,3407.0
ID44,1982-12-31,2901.0
ID44,1983-12-31,1750.0
ID44,1984-12-31,2332.0
ID44,1985-12-31,2760.0
ID44,1986-12-31,5020.0
ID44,1987-12-31,5620.0
ID44,1988-12-31,8302.0
ID44,1989-12-31,9226.0
ID44,1990-12-31,4670.0
ID44,1991-12-31,2843.0
ID44,1992-12-31,10829.0
ID44,1993-12-31,12548.0
ID44,1994-12-31,10614.0
ID44,1995-12-31,8300.0
ID44,1996-12-31,4476.0
ID44,1997-12-31,3260.0
ID44,1998-12-31,5792.0
ID44,1999-12-31,5992.0
ID44,2000-12-31,6440.0
ID44,2001-12-31,9101.0
ID44,2002-12-31,11379.0
ID44,2003-12-31,11053.0
ID44,2004-12-31,9502.0
ID44,2005-12-31,15702.0
ID44,2006-12-31,15283.0
ID44,2007-12-31,17872.0
ID44,2008-12-31,19264.0
ID44,2009-12-31,18146.0
ID44,2010-12-31,19940.0
ID44,2011-12-31,18968.0
ID44,2012-12-31,28718.0
ID44,2013-12-31,34978.0
ID44,2014-12-31,48813.0
ID44,2015-12-31,69843.0
ID44,2016-12-31,42478.0
ID44,2017-12-31,35163.0
ID44,2018-12-31,40990.0
ID44,2019-12-31,51748.0
ID44,2020-12-31,60225.0
ID45,1972-12-31,3022.0
ID45,1973-12-31,4177.0
ID45,1974-12-31,3751.0
ID45,1975-12-31,5320.0
ID45,1976-12-31,8397.0
ID45,1977-12-31,11872.0
ID45,1978-12-31,14541.0
ID45,1979-12-31,14410.0
ID45,1980-12-31,17534.0
ID45,1981-12-31,19023.0
ID45,1982-12-31,19306.0
ID45,1983-12-31,13027.0
ID45,1984-12-31,14750.0
ID45,1985-12-31,13040.0
ID45,1986-12-31,15874.0
ID45,1987-12-31,17062.0
ID45,1988-12-31,18163.0
ID45,1989-12-31,21229.0
ID45,1990-12-31,24163.0
ID46,1972-12-31,35.0
ID46,1973-12-31,188.0
ID46,1974-12-31,318.0
ID46,1975-12-31,425.0
ID46,1976-12-31,493.0
ID46,1977-12-31,786.0
ID46,1978-12-31,1662.0
ID46,1979-12-31,1646.0
ID46,1980-12-31,1512.0
ID46,1981-12-31,1279.0
ID46,1982-12-31,1845.0
ID46,1983-12-31,1294.0
ID46,1984-12-31,1724.0
ID46,1985-12-31,1949.0
ID46,1986-12-31,2280.0
ID46,1987-12-31,1691.0
ID46,1988-12-31,1231.0
ID46,1989-12-31,1415.0
ID46,1990-12-31,1894.0
ID46,1991-12-31,3467.0
ID47,1969-12-31,5.0
ID47,1970-12-31,8536.0
ID47,1971-12-31,18971.0
ID47,1972-12-31,32580.0
ID47,1973-12-31,70608.0
ID47,1974-12-31,86077.0
ID47,1975-12-31,100525.0
ID47,1976-12-31,121461.0
ID47,1977-12-31,120460.0
ID47,1978-12-31,157851.0
ID47,1979-12-31,176392.0
ID47,1980-12-31,219000.0
ID47,1981-12-31,269540.0
ID47,1982-12-31,367673.0
ID47,1983-12-31,461099.0
ID47,1984-12-31,484684.0
ID47,1985-12-31,349699.0
ID48,1969-12-31,12031.0
ID48,1970-12-31,20306.0
ID48,1971-12-31,25513.0
ID48,1972-12-31,35766.0
ID48,1973-12-31,37868.0
ID48,1974-12-31,47797.0
ID48,1975-12-31,66621.0
ID48,1976-12-31,50626.0
ID48,1977-12-31,41184.0
ID48,1978-12-31,42929.0
ID48,1979-12-31,45495.0
ID48,1980-12-31,45044.0
ID48,1981-12-31,47903.0
ID48,1982-12-31,41512.0
ID48,1983-12-31,33061.0
ID48,1984-12-31,58243.0
ID48,1985-12-31,43464.0
ID49,1977-12-31,4388.0
ID49,1978-12-31,4851.0
ID49,1979-12-31,5322.0
ID49,1980-12-31,5018.0
ID49,1981-12-31,5037.0
ID49,1982-12-31,5656.0
ID49,1983-12-31,5835.0
ID49,1984-12-31,5945.0
ID49,1985-12-31,6869.0
ID49,1986-12-31,7196.0
ID49,1987-12-31,7655.0
ID49,1988-12-31,8344.0
ID49,1989-12-31,9213.0
ID49,1990-12-31,9193.0
ID49,1991-12-31,9713.0
ID5,1976-12-31,894.5
ID5,1977-12-31,1501.699951171875
ID5,1978-12-31,1971.199951171875
ID5,1979-12-31,2249.39990234375
ID5,1980-12-31,3029.5
ID5,1981-12-31,2741.800048828125
ID5,1982-12-31,2640.199951171875
ID5,1983-12-31,4211.2998046875
ID5,1984-12-31,4062.300048828125
ID5,1985-12-31,5594.0
ID5,1986-12-31,4647.0
ID5,1987-12-31,6839.2998046875
ID5,1988-12-31,5280.89990234375
ID5,1989-12-31,6648.7998046875
ID5,1990-12-31,6797.60009765625
ID5,1991-12-31,6709.39990234375
ID5,1992-12-31,8089.60009765625
ID5,1993-12-31,8742.5
ID5,1994-12-31,9670.7998046875
ID5,1995-12-31,11536.7998046875
ID5,1996-12-31,12240.0
ID5,1997-12-31,10515.7001953125
ID5,1998-12-31,14075.099609375
ID50,1900-12-31,119.0
ID50,1901-12-31,111.0
ID50,1902-12-31,163.0
ID50,1903-12-31,203.0
ID50,1904-12-31,197.0
ID50,1905-12-31,192.0
ID50,1906-12-31,94.0
ID50,1907-12-31,151.0
ID50,1908-12-31,258.0
ID50,1909-12-31,147.0
ID50,1910-12-31,180.0
ID50,1911-12-31,151.0
ID50,1912-12-31,147.0
ID50,1913-12-31,213.0
ID50,1914-12-31,152.0
ID50,1915-12-31,124.0
ID50,1916-12-31,118.0
ID50,1917-12-31,167.0
ID50,1918-12-31,152.0
ID50,1919-12-31,169.0
ID50,1920-12-31,121.0
ID50,1921-12-31,106.0
ID50,1922-12-31,165.0
ID50,1923-12-31,183.0
ID50,1924-12-31,249.0
ID50,1925-12-31,199.0
ID50,1926-12-31,272.0
ID50,1927-12-31,236.0
ID50,1928-12-31,422.0
ID50,1929-12-31,550.0
ID50,1930-12-31,595.0
ID50,1931-12-31,503.0
ID50,1932-12-31,856.0
ID50,1933-12-31,563.0
ID50,1934-12-31,604.0
ID50,1935-12-31,616.0
ID50,1936-12-31,698.0
ID50,1937-12-31,658.0
ID50,1938-12-31,464.0
ID50,1939-12-31,703.0
ID50,1940-12-31,901.0
ID50,1941-12-31,585.0
ID51,1977-12-31,402240.0
ID51,1978-12-31,416673.0
ID51,1979-12-31,429306.0
ID51,1980-12-31,422028.0
ID51,1981-12-31,440946.0
ID51,1982-12-31,465313.0
ID51,1983-12-31,480489.0
ID51,1984-12-31,496315.0
ID51,1985-12-31,575761.0
ID51,1986-12-31,621903.0
ID52,1977-12-31,137598.0
ID52,1978-12-31,151945.0
ID52,1979-12-31,153433.0
ID52,1980-12-31,187552.0
ID52,1981-12-31,187981.0
ID52,1982-12-31,182672.0
ID52,1983-12-31,165506.0
ID52,1984-12-31,173459.0
ID52,1985-12-31,164732.0
ID52,1986-12-31,195228.0
ID53,1977-12-31,4351.0
ID53,1978-12-31,10303.0
ID53,1979-12-31,14335.0
ID53,1980-12-31,23996.0
ID53,1981-12-31,57704.0
ID53,1982-12-31,74653.0
ID53,1983-12-31,100917.0
ID53,1984-12-31,112146.0
ID53,1985-12-31,138439.0
ID53,1986-12-31,146502.0
ID54,1977-12-31,9923.0
ID54,1978-12-31,11387.0
ID54,1979-12-31,15423.0
ID54,1980-12-31,29402.0
ID54,1981-12-31,25348.0
ID54,1982-12-31,23793.0
ID54,1983-12-31,29824.0
ID54,1984-12-31,36163.0
ID54,1985-12-31,40437.0
ID54,1986-12-31,36853.0
ID55,1977-12-31,83702.0
ID55,1978-12-31,78925.0
ID55,1979-12-31,87571.0
ID55,1980-12-31,88408.0
ID55,1981-12-31,86866.0
ID55,1982-12-31,90027.0
ID55,1983-12-31,92412.0
ID55,1984-12-31,92675.0
ID55,1985-12-31,139085.0
ID55,1986-12-31,139423.0
ID56,1974-12-31,23350.0
ID56,1975-12-31,23685.0
ID56,1976-12-31,24427.0
ID56,1977-12-31,24716.0
ID56,1978-12-31,25632.0
ID56,1979-12-31,24503.0
ID56,1980-12-31,25382.0
ID56,1981-12-31,25688.0
ID56,1982-12-31,22078.0
ID56,1983-12-31,26698.0
ID56,1984-12-31,26482.0
ID56,1985-12-31,25379.0
ID56,1986-12-31,26848.0
ID56,1987-12-31,24655.0
ID56,1988-12-31,25811.0
ID56,1989-12-31,24257.0
ID56,1990-12-31,26036.0
ID56,1991-12-31,27398.0
ID57,1969-12-31,67.5
ID57,1970-12-31,62.29999923706055
ID57,1971-12-31,112.4000015258789
ID57,1972-12-31,175.5
ID57,1973-12-31,238.8000030517578
ID57,1974-12-31,317.8999938964844
ID57,1975-12-31,378.5
ID57,1976-12-31,378.0
ID57,1977-12-31,443.3999938964844
ID57,1978-12-31,541.2000122070312
ID57,1979-12-31,608.0999755859375
ID57,1980-12-31,639.2000122070312
ID57,1981-12-31,697.4000244140625
ID57,1982-12-31,664.4000244140625
ID57,1983-12-31,761.7000122070312
ID57,1984-12-31,838.0
ID58,1938-12-31,11460.0
ID58,1939-12-31,23150.0
ID58,1940-12-31,31539.0
ID58,1941-12-31,26390.0
ID58,1942-12-31,17757.0
ID58,1943-12-31,15038.0
ID58,1944-12-31,16715.0
ID58,1945-12-31,23738.0
ID58,1946-12-31,21642.0
ID58,1947-12-31,19259.0
ID58,1948-12-31,24546.0
ID58,1949-12-31,14216.0
ID58,1950-12-31,16478.0
ID58,1951-12-31,21914.0
ID58,1952-12-31,22733.0
ID58,1953-12-31,21302.0
ID58,1954-12-31,20321.0
ID58,1955-12-31,24119.0
ID58,1956-12-31,23732.0
ID58,1957-12-31,25362.0
ID58,1958-12-31,27213.0
ID58,1959-12-31,31383.0
ID58,1960-12-31,35870.0
ID58,1961-12-31,30752.0
ID59,1957-12-31,109.0
ID59,1958-12-31,94.4000015258789
ID59,1959-12-31,210.0
ID59,1960-12-31,27.799999237060547
ID59,1961-12-31,51.29999923706055
ID59,1962-12-31,66.5999984741211
ID59,1963-12-31,133.0
ID59,1964-12-31,226.0
ID59,1965-12-31,173.0
ID59,1966-12-31,108.0
ID59,1967-12-31,289.0
ID59,1968-12-31,316.0
ID59,1969-12-31,256.0
ID59,1970-12-31,182.0
ID59,1971-12-31,90.0999984741211
ID59,1972-12-31,122.0
ID59,1973-12-31,206.0
ID59,1974-12-31,233.0
ID59,1975-12-31,201.0
ID59,1976-12-31,275.0
ID59,1977-12-31,162.0
ID59,1978-12-31,171.0
ID59,1979-12-31,1169.0
ID59,1980-12-31,838.0
ID59,1981-12-31,88.5
ID59,1982-12-31,230.0
ID59,1983-12-31,642.0
ID59,1984-12-31,498.0
ID59,1985-12-31,174.0
ID59,1986-12-31,148.0
ID59,1987-12-31,149.0
ID59,1988-12-31,185.0
ID59,1989-12-31,200.0
ID59,1990-12-31,95.80000305175781
ID59,1991-12-31,167.0
ID59,1992-12-31,110.0
ID59,1993-12-31,139.0
ID6,1972-12-31,332381.0
ID6,1973-12-31,352429.0
ID6,1974-12-31,358621.0
ID6,1975-12-31,424889.0
ID6,1976-12-31,509281.0
ID6,1977-12-31,519773.0
ID6,1978-12-31,563115.0
ID6,1979-12-31,633929.0
ID60,1957-12-31,1560.0
ID60,1958-12-31,506.0
ID60,1959-12-31,797.0
ID60,1960-12-31,451.0
ID60,1961-12-31,539.0
ID60,1962-12-31,283.0
ID60,1963-12-31,308.0
ID60,1964-12-31,475.0
ID60,1965-12-31,609.0
ID60,1966-12-31,680.0
ID60,1967-12-31,702.0
ID60,1968-12-31,790.0
ID60,1969-12-31,816.0
ID60,1970-12-31,646.0
ID60,1971-12-31,738.0
ID60,1972-12-31,808.0
ID60,1973-12-31,1015.0
ID60,1974-12-31,1521.0
ID60,1975-12-31,1733.0
ID60,1976-12-31,2201.0
ID60,1977-12-31,2404.0
ID60,1978-12-31,2777.0
ID60,1979-12-31,2863.0
ID60,1980-12-31,2446.0
ID60,1981-12-31,2278.0
ID60,1982-12-31,1908.0
ID60,1983-12-31,2557.0
ID60,1984-12-31,1077.0
ID60,1985-12-31,1587.0
ID60,1986-12-31,1894.0
ID60,1987-12-31,1864.0
ID60,1988-12-31,552.0
ID60,1989-12-31,1205.0
ID60,1990-12-31,1508.0
ID60,1991-12-31,1182.0
ID60,1992-12-31,2202.0
ID60,1993-12-31,1775.0
ID61,1957-12-31,607.0
ID61,1958-12-31,377.0
ID61,1959-12-31,317.0
ID61,1960-12-31,155.0
ID61,1961-12-31,152.0
ID61,1962-12-31,150.0
ID61,1963-12-31,71.9000015258789
ID61,1964-12-31,56.099998474121094
ID61,1965-12-31,264.0
ID61,1966-12-31,281.0
ID61,1967-12-31,145.0
ID61,1968-12-31,170.0
ID61,1969-12-31,303.0
ID61,1970-12-31,141.0
ID61,1971-12-31,226.0
ID61,1972-12-31,414.0
ID61,1973-12-31,469.0
ID61,1974-12-31,750.0
ID61,1975-12-31,857.0
ID61,1976-12-31,598.0
ID61,1977-12-31,846.0
ID61,1978-12-31,863.0
ID61,1979-12-31,1088.0
ID61,1980-12-31,600.0
ID61,1981-12-31,482.0
ID61,1982-12-31,520.0
ID61,1983-12-31,637.0
ID61,1984-12-31,427.0
ID61,1985-12-31,139.0
ID61,1986-12-31,147.0
ID61,1987-12-31,147.0
ID61,1988-12-31,52.5
ID61,1989-12-31,47.79999923706055
ID61,1990-12-31,126.0
ID61,1991-12-31,258.0
ID61,1992-12-31,286.0
ID61,1993-12-31,669.0
ID62,1962-12-31,242000.0
ID62,1963-12-31,281243.0
ID62,1964-12-31,310000.0
ID62,1965-12-31,316070.0
ID62,1966-12-31,348174.0
ID62,1967-12-31,380323.0
ID62,1968-12-31,353090.0
ID62,1969-12-31,388207.0
ID62,1970-12-31,351937.0
ID62,1971-12-31,400769.0
ID62,1972-12-31,390222.0
ID62,1973-12-31,465508.0
ID62,1974-12-31,480340.0
ID62,1975-12-31,526305.0
ID62,1976-12-31,535096.0
ID62,1977-12-31,648429.0
ID62,1978-12-31,733894.0
ID62,1979-12-31,912874.0
ID62,1980-12-31,981996.0
ID62,1981-12-31,968789.0
ID62,1982-12-31,965433.0
ID62,1983-12-31,980788.0
ID62,1984-12-31,1044490.0
ID62,1985-12-31,1088660.0
ID62,1986-12-31,1187790.0
ID62,1987-12-31,1194830.0
ID62,1988-12-31,1365220.0
ID62,1989-12-31,1473030.0
ID62,1990-12-31,1356810.0
ID62,1991-12-31,1505260.0
ID62,1992-12-31,1612240.0
ID63,1963-12-31,3821700.0
ID63,1964-12-31,2875600.0
ID63,1965-12-31,3521640.0
ID63,1966-12-31,3788670.0
ID63,1967-12-31,3723270.0
ID63,1968-12-31,3962220.0
ID63,1969-12-31,4394770.0
ID63,1970-12-31,4313400.0
ID63,1971-12-31,4510800.0
ID63,1972-12-31,4862880.0
ID63,1973-12-31,4630310.0
ID63,1974-12-31,4409340.0
ID63,1975-12-31,3760270.0
ID63,1976-12-31,4276200.0
ID63,1977-12-31,4436130.0
ID63,1978-12-31,4925670.0
ID63,1979-12-31,5695220.0
ID63,1980-12-31,6572920.0
ID63,1981-12-31,5933560.0
ID63,1982-12-31,6993330.0
ID63,1983-12-31,8959560.0
ID63,1984-12-31,10375400.0
ID63,1985-12-31,10783400.0
ID63,1986-12-31,9680460.0
ID63,1987-12-31,10108400.0
ID63,1988-12-31,10167200.0
ID63,1989-12-31,10606500.0
ID63,1990-12-31,11945900.0
ID63,1991-12-31,12872300.0
ID63,1992-12-31,12207300.0
ID63,1993-12-31,14849000.0
ID63,1994-12-31,16524400.0
ID63,1995-12-31,16473000.0
ID63,1996-12-31,17537300.0
ID63,1997-12-31,18302300.0
ID63,1998-12-31,20739700.0
ID64,1969-12-31,2440.39990234375
ID64,1970-12-31,4046.39990234375
ID64,1971-12-31,4526.10009765625
ID64,1972-12-31,5800.2998046875
ID64,1973-12-31,7468.7001953125
ID64,1974-12-31,6064.7998046875
ID64,1975-12-31,4970.5
ID64,1976-12-31,6669.2998046875
ID64,1977-12-31,6364.60009765625
ID64,1978-12-31,8126.89990234375
ID64,1979-12-31,6849.39990234375
ID64,1980-12-31,6840.39990234375
ID64,1981-12-31,5381.2001953125
ID64,1982-12-31,6983.39990234375
ID64,1983-12-31,7520.10009765625
ID64,1984-12-31,6773.39990234375
ID65,1971-12-31,68.0
ID65,1972-12-31,81.0
ID65,1973-12-31,105.0
ID65,1974-12-31,126.0
ID65,1975-12-31,145.0
ID65,1976-12-31,170.0
ID65,1977-12-31,170.0
ID65,1978-12-31,194.0
ID65,1979-12-31,224.0
ID66,1973-12-31,149020.0
ID66,1974-12-31,154580.0
ID66,1975-12-31,155500.0
ID66,1976-12-31,154470.0
ID66,1977-12-31,160120.0
ID66,1978-12-31,165170.0
ID66,1979-12-31,166380.0
ID66,1980-12-31,171370.0
ID66,1981-12-31,176050.0
ID66,1982-12-31,188750.0
ID66,1983-12-31,194210.0
ID67,1969-12-31,120.0
ID67,1970-12-31,230.0
ID67,1971-12-31,221.3000030517578
ID67,1972-12-31,286.29998779296875
ID67,1973-12-31,429.70001220703125
ID67,1974-12-31,385.6000061035156
ID67,1975-12-31,400.79998779296875
ID67,1976-12-31,463.70001220703125
ID67,1977-12-31,377.6000061035156
ID67,1978-12-31,455.5
ID67,1979-12-31,490.29998779296875
ID67,1980-12-31,468.3999938964844
ID67,1981-12-31,447.6000061035156
ID67,1982-12-31,502.1000061035156
ID67,1983-12-31,524.5
ID67,1984-12-31,515.2000122070312
ID68,1969-12-31,7.300000190734863
ID68,1970-12-31,6.300000190734863
ID68,1971-12-31,26.799999237060547
ID68,1972-12-31,114.5
ID68,1973-12-31,262.70001220703125
ID68,1974-12-31,253.0
ID68,1975-12-31,276.79998779296875
ID68,1976-12-31,320.1000061035156
ID68,1977-12-31,466.29998779296875
ID68,1978-12-31,599.2000122070312
ID68,1979-12-31,683.5
ID68,1980-12-31,720.5
ID68,1981-12-31,864.0
ID68,1982-12-31,1011.9000244140625
ID68,1983-12-31,1162.4000244140625
ID68,1984-12-31,1308.699951171875
ID69,1969-12-31,22.0
ID69,1970-12-31,27.700000762939453
ID69,1971-12-31,43.900001525878906
ID69,1972-12-31,64.5
ID69,1973-12-31,99.69999694824219
ID69,1974-12-31,107.4000015258789
ID69,1975-12-31,110.5
ID69,1976-12-31,139.60000610351562
ID69,1977-12-31,167.60000610351562
ID69,1978-12-31,193.10000610351562
ID69,1979-12-31,231.0
ID69,1980-12-31,222.60000610351562
ID69,1981-12-31,237.5
ID69,1982-12-31,284.70001220703125
ID69,1983-12-31,427.79998779296875
ID69,1984-12-31,553.7999877929688
ID7,1970-12-31,283219.0
ID7,1971-12-31,326815.0
ID7,1972-12-31,408814.0
ID7,1973-12-31,440834.0
ID7,1974-12-31,460495.0
ID7,1975-12-31,506412.0
ID7,1976-12-31,521709.0
ID7,1977-12-31,526752.0
ID7,1978-12-31,548179.0
ID70,1969-12-31,25.899999618530273
ID70,1970-12-31,35.70000076293945
ID70,1971-12-31,48.5
ID70,1972-12-31,63.79999923706055
ID70,1973-12-31,74.80000305175781
ID70,1974-12-31,72.9000015258789
ID70,1975-12-31,115.0999984741211
ID70,1976-12-31,171.8000030517578
ID70,1977-12-31,178.3000030517578
ID70,1978-12-31,240.6999969482422
ID70,1979-12-31,355.1000061035156
ID70,1980-12-31,511.3999938964844
ID71,1969-12-31,19.399999618530273
ID71,1970-12-31,35.5
ID71,1971-12-31,25.399999618530273
ID71,1972-12-31,22.399999618530273
ID71,1973-12-31,73.19999694824219
ID71,1974-12-31,74.0
ID71,1975-12-31,63.900001525878906
ID71,1976-12-31,89.69999694824219
ID71,1977-12-31,142.10000610351562
ID71,1978-12-31,141.5
ID71,1979-12-31,145.0
ID71,1980-12-31,167.5
ID71,1981-12-31,161.0
ID71,1982-12-31,184.10000610351562
ID71,1983-12-31,174.8000030517578
ID71,1984-12-31,196.6999969482422
ID72,1969-12-31,8.5
ID72,1970-12-31,22.799999237060547
ID72,1971-12-31,26.899999618530273
ID72,1972-12-31,27.600000381469727
ID72,1973-12-31,31.100000381469727
ID72,1974-12-31,33.29999923706055
ID72,1975-12-31,33.29999923706055
ID72,1976-12-31,39.79999923706055
ID72,1977-12-31,46.29999923706055
ID72,1978-12-31,56.20000076293945
ID72,1979-12-31,62.099998474121094
ID72,1980-12-31,63.29999923706055
ID72,1981-12-31,64.30000305175781
ID72,1982-12-31,75.0999984741211
ID72,1983-12-31,97.0999984741211
ID72,1984-12-31,117.30000305175781
ID73,1969-12-31,246.8000030517578
ID73,1970-12-31,299.6000061035156
ID73,1971-12-31,246.39999389648438
ID73,1972-12-31,289.79998779296875
ID73,1973-12-31,250.89999389648438
ID73,1974-12-31,246.89999389648438
ID73,1975-12-31,293.5
ID73,1976-12-31,417.3999938964844
ID73,1977-12-31,525.0999755859375
ID73,1978-12-31,689.9000244140625
ID73,1979-12-31,582.5999755859375
ID73,1980-12-31,595.7000122070312
ID73,1981-12-31,758.7000122070312
ID73,1982-12-31,871.0999755859375
ID73,1983-12-31,1074.4000244140625
ID73,1984-12-31,1008.0
ID74,1974-12-31,142.24000549316406
ID74,1975-12-31,137.8000030517578
ID74,1976-12-31,127.5999984741211
ID74,1977-12-31,137.60000610351562
ID74,1978-12-31,141.8000030517578
ID74,1979-12-31,115.5999984741211
ID74,1980-12-31,129.8000030517578
ID74,1981-12-31,133.8000030517578
ID74,1982-12-31,130.8000030517578
ID74,1983-12-31,129.89999389648438
ID74,1984-12-31,120.9000015258789
ID75,1974-12-31,27.600000381469727
ID75,1975-12-31,29.399999618530273
ID75,1976-12-31,26.399999618530273
ID75,1977-12-31,24.5
ID75,1978-12-31,28.700000762939453
ID75,1979-12-31,32.29999923706055
ID75,1980-12-31,34.0
ID75,1981-12-31,30.600000381469727
ID75,1982-12-31,32.20000076293945
ID75,1983-12-31,35.599998474121094
ID75,1984-12-31,36.5
ID76,1974-12-31,16.25
ID76,1975-12-31,16.899999618530273
ID76,1976-12-31,14.609999656677246
ID76,1977-12-31,14.869999885559082
ID76,1978-12-31,17.09000015258789
ID76,1979-12-31,16.520000457763672
ID76,1980-12-31,15.279999732971191
ID76,1981-12-31,14.90999984741211
ID76,1982-12-31,16.59000015258789
ID76,1983-12-31,15.65999984741211
ID76,1984-12-31,13.880000114440918
ID77,1977-12-31,248.0
ID77,1978-12-31,261.0
ID77,1979-12-31,261.0
ID77,1980-12-31,290.0
ID77,1981-12-31,315.0
ID77,1982-12-31,333.0
ID77,1983-12-31,381.0
ID77,1984-12-31,363.0
ID77,1985-12-31,416.0
ID77,1986-12-31,440.0
ID77,1987-12-31,474.0
ID77,1988-12-31,533.0
ID77,1989-12-31,602.0
ID77,1990-12-31,657.0
ID77,1991-12-31,718.0
ID77,1992-12-31,753.0
ID77,1993-12-31,813.0
ID77,1994-12-31,944.0
ID77,1995-12-31,1006.0
ID78,1977-12-31,897.2100219726562
ID78,1978-12-31,1410.8299560546875
ID78,1979-12-31,1306.81005859375
ID78,1980-12-31,1031.5799560546875
ID78,1981-12-31,1508.3599853515625
ID78,1982-12-31,1543.030029296875
ID78,1983-12-31,1343.6500244140625
ID78,1984-12-31,1434.6700439453125
ID78,1985-12-31,1579.8699951171875
ID78,1986-12-31,1976.469970703125
ID78,1987-12-31,2279.8701171875
ID78,1988-12-31,2067.489990234375
ID78,1989-12-31,1974.300048828125
ID78,1990-12-31,2288.5400390625
ID78,1991-12-31,2230.030029296875
ID78,1992-12-31,2305.8798828125
ID78,1993-12-31,2581.110107421875
ID78,1994-12-31,2533.429931640625
ID78,1995-12-31,2860.679931640625
ID78,1996-12-31,3120.739990234375
ID78,1997-12-31,3547.669921875
ID78,1998-12-31,3382.969970703125
ID78,1999-12-31,3578.010009765625
ID78,2000-12-31,3794.72998046875
ID79,1975-12-31,19.700000762939453
ID79,1976-12-31,21.100000381469727
ID79,1977-12-31,26.899999618530273
ID79,1978-12-31,26.700000762939453
ID79,1979-12-31,22.299999237060547
ID79,1980-12-31,21.600000381469727
ID79,1981-12-31,24.100000381469727
ID79,1982-12-31,24.299999237060547
ID79,1983-12-31,20.600000381469727
ID79,1984-12-31,21.399999618530273
ID79,1985-12-31,23.100000381469727
ID79,1986-12-31,22.700000762939453
ID79,1987-12-31,21.600000381469727
ID79,1988-12-31,20.600000381469727
ID79,1989-12-31,28.299999237060547
ID79,1990-12-31,29.299999237060547
ID79,1991-12-31,24.299999237060547
ID79,1992-12-31,21.5
ID8,1971-12-31,506190.0
ID8,1972-12-31,534047.0
ID8,1973-12-31,581982.0
ID8,1974-12-31,576326.0
ID8,1975-12-31,604878.0
ID8,1976-12-31,673833.0
ID8,1977-12-31,722014.0
ID80,1976-12-31,27562.19921875
ID80,1977-12-31,36027.69921875
ID80,1978-12-31,32254.0
ID80,1979-12-31,33906.6015625
ID80,1980-12-31,43264.8984375
ID80,1981-12-31,52408.0
ID80,1982-12-31,48912.8984375
ID80,1983-12-31,52123.1015625
ID80,1984-12-31,53383.1015625
ID80,1985-12-31,62171.6015625
ID80,1986-12-31,67705.5
ID80,1987-12-31,68636.296875
ID80,1988-12-31,67528.203125
ID80,1989-12-31,73524.3984375
ID80,1990-12-31,73708.1015625
ID80,1991-12-31,77361.5
ID80,1992-12-31,82363.6015625
ID80,1993-12-31,81629.1015625
ID80,1994-12-31,89233.5
ID80,1995-12-31,94982.796875
ID80,1996-12-31,102853.0
ID80,1997-12-31,106519.0
ID80,1998-12-31,118081.0
ID81,1975-12-31,13.600000381469727
ID81,1976-12-31,21.200000762939453
ID81,1977-12-31,18.600000381469727
ID81,1978-12-31,21.600000381469727
ID81,1979-12-31,21.200000762939453
ID81,1980-12-31,30.899999618530273
ID81,1981-12-31,38.70000076293945
ID81,1982-12-31,40.20000076293945
ID81,1983-12-31,41.70000076293945
ID81,1984-12-31,54.099998474121094
ID81,1985-12-31,59.5
ID81,1986-12-31,55.70000076293945
ID81,1987-12-31,60.099998474121094
ID81,1988-12-31,64.19999694824219
ID81,1989-12-31,72.19999694824219
ID81,1990-12-31,69.0
ID81,1991-12-31,71.0
ID81,1992-12-31,47.900001525878906
ID82,1975-12-31,417.0
ID82,1976-12-31,451.0
ID82,1977-12-31,360.0
ID82,1978-12-31,525.0
ID82,1979-12-31,392.0
ID82,1980-12-31,375.0
ID82,1981-12-31,326.0
ID82,1982-12-31,594.0
ID82,1983-12-31,519.0
ID82,1984-12-31,570.0
ID82,1985-12-31,416.0
ID82,1986-12-31,556.0
ID82,1987-12-31,272.0
ID82,1988-12-31,391.0
ID82,1989-12-31,732.0
ID82,1990-12-31,890.0
ID82,1991-12-31,855.0
ID83,1975-12-31,165.0
ID83,1976-12-31,172.0
ID83,1977-12-31,224.0
ID83,1978-12-31,224.0
ID83,1979-12-31,151.0
ID83,1980-12-31,129.0
ID83,1981-12-31,286.0
ID83,1982-12-31,216.0
ID83,1983-12-31,520.0
ID83,1984-12-31,994.0
ID83,1985-12-31,1063.0
ID83,1986-12-31,1292.0
ID83,1987-12-31,1281.0
ID83,1988-12-31,1796.0
ID83,1989-12-31,2022.0
ID83,1990-12-31,2789.0
ID83,1991-12-31,2853.0
ID84,1975-12-31,60.70000076293945
ID84,1976-12-31,91.0999984741211
ID84,1977-12-31,106.19999694824219
ID84,1978-12-31,112.19999694824219
ID84,1979-12-31,120.0999984741211
ID84,1980-12-31,129.0
ID84,1981-12-31,149.8000030517578
ID84,1982-12-31,159.89999389648438
ID84,1983-12-31,168.8000030517578
ID84,1984-12-31,173.0
ID84,1985-12-31,238.5
ID84,1986-12-31,279.5
ID84,1987-12-31,295.1000061035156
ID84,1988-12-31,298.3999938964844
ID84,1989-12-31,316.0
ID84,1990-12-31,340.5
ID84,1991-12-31,363.5
ID84,1992-12-31,361.20001220703125
ID85,1975-12-31,34.20000076293945
ID85,1976-12-31,49.29999923706055
ID85,1977-12-31,52.20000076293945
ID85,1978-12-31,55.5
ID85,1979-12-31,57.5
ID85,1980-12-31,61.70000076293945
ID85,1981-12-31,63.70000076293945
ID85,1982-12-31,66.19999694824219
ID85,1983-12-31,63.79999923706055
ID85,1984-12-31,74.9000015258789
ID85,1985-12-31,83.5999984741211
ID85,1986-12-31,83.4000015258789
ID85,1987-12-31,82.9000015258789
ID85,1988-12-31,91.4000015258789
ID85,1989-12-31,115.5999984741211
ID85,1990-12-31,124.0
ID85,1991-12-31,128.5
ID85,1992-12-31,127.80000305175781
ID86,1977-12-31,1.7599999904632568
ID86,1978-12-31,4.130000114440918
ID86,1979-12-31,7.039999961853027
ID86,1980-12-31,7.820000171661377
ID86,1981-12-31,6.619999885559082
ID86,1982-12-31,9.920000076293945
ID86,1983-12-31,11.760000228881836
ID86,1984-12-31,11.430000305175781
ID86,1985-12-31,11.140000343322754
ID86,1986-12-31,10.970000267028809
ID86,1987-12-31,13.020000457763672
ID87,1977-12-31,4.480000019073486
ID87,1978-12-31,4.519999980926514
ID87,1979-12-31,3.7100000381469727
ID87,1980-12-31,4.300000190734863
ID87,1981-12-31,5.659999847412109
ID87,1982-12-31,5.769999980926514
ID87,1983-12-31,5.929999828338623
ID87,1984-12-31,5.989999771118164
ID87,1985-12-31,5.849999904632568
ID87,1986-12-31,6.460000038146973
ID88,1977-12-31,11.399999618530273
ID88,1978-12-31,11.5
ID88,1979-12-31,11.800000190734863
ID88,1980-12-31,10.600000381469727
ID88,1981-12-31,11.399999618530273
ID88,1982-12-31,11.199999809265137
ID88,1983-12-31,10.800000190734863
ID88,1984-12-31,11.300000190734863
ID88,1985-12-31,10.600000381469727
ID88,1986-12-31,11.199999809265137
ID88,1987-12-31,13.5
ID89,1977-12-31,7.150000095367432
ID89,1978-12-31,7.889999866485596
ID89,1979-12-31,8.289999961853027
ID89,1980-12-31,8.100000381469727
ID89,1981-12-31,8.050000190734863
ID89,1982-12-31,8.149999618530273
ID89,1983-12-31,7.389999866485596
ID89,1984-12-31,7.840000152587891
ID89,1985-12-31,7.230000019073486
ID89,1986-12-31,8.520000457763672
ID89,1987-12-31,6.590000152587891
ID9,1977-12-31,19.1299991607666
ID9,1978-12-31,21.670000076293945
ID9,1979-12-31,21.170000076293945
ID9,1980-12-31,23.3700008392334
ID9,1981-12-31,25.360000610351562
ID9,1982-12-31,27.450000762939453
ID9,1983-12-31,27.40999984741211
ID9,1984-12-31,28.059999465942383
ID9,1985-12-31,30.770000457763672
ID9,1986-12-31,32.689998626708984
ID9,1987-12-31,32.59000015258789
ID9,1988-12-31,36.02000045776367
ID9,1989-12-31,38.15999984741211
ID9,1990-12-31,39.9900016784668
ID9,1991-12-31,40.380001068115234
ID9,1992-12-31,44.97999954223633
ID9,1993-12-31,48.9900016784668
ID9,1994-12-31,50.619998931884766
ID9,1995-12-31,51.790000915527344
ID9,1996-12-31,54.25
ID9,1997-12-31,52.65999984741211
ID9,1998-12-31,56.86000061035156
ID9,1999-12-31,55.11000061035156
ID9,2000-12-31,43.619998931884766
ID9,2001-12-31,39.45000076293945
ID9,2002-12-31,41.41999816894531
ID9,2003-12-31,39.66999816894531
ID9,2004-12-31,47.119998931884766
ID90,1977-12-31,2.140000104904175
ID90,1978-12-31,2.069999933242798
ID90,1979-12-31,2.5299999713897705
ID90,1980-12-31,2.4000000953674316
ID90,1981-12-31,2.5399999618530273
ID90,1982-12-31,2.440000057220459
ID90,1983-12-31,2.5999999046325684
ID90,1984-12-31,2.569999933242798
ID90,1985-12-31,2.8499999046325684
ID91,1976-12-31,2.7200000286102295
ID91,1977-12-31,2.5799999237060547
ID91,1978-12-31,2.859999895095825
ID91,1979-12-31,2.8299999237060547
ID91,1980-12-31,3.1500000953674316
ID91,1981-12-31,2.759999990463257
ID91,1982-12-31,2.5399999618530273
ID91,1983-12-31,2.6600000858306885
ID91,1984-12-31,2.8399999141693115
ID91,1985-12-31,2.990000009536743
ID92,1968-12-31,137.30999755859375
ID92,1969-12-31,147.77999877929688
ID92,1970-12-31,152.38999938964844
ID92,1971-12-31,158.97999572753906
ID92,1972-12-31,164.72999572753906
ID92,1973-12-31,174.11000061035156
ID92,1974-12-31,184.5
ID92,1975-12-31,194.5399932861328
ID92,1976-12-31,195.8699951171875
ID92,1977-12-31,199.19000244140625
ID92,1978-12-31,208.83999633789062
ID93,1968-12-31,35.91999816894531
ID93,1969-12-31,38.060001373291016
ID93,1970-12-31,44.04999923706055
ID93,1971-12-31,45.4900016784668
ID93,1972-12-31,41.45000076293945
ID93,1973-12-31,41.2599983215332
ID93,1974-12-31,46.939998626708984
ID93,1975-12-31,49.29999923706055
ID93,1976-12-31,47.83000183105469
ID93,1977-12-31,47.150001525878906
ID93,1978-12-31,48.52000045776367
ID94,1968-12-31,35.63999938964844
ID94,1969-12-31,37.560001373291016
ID94,1970-12-31,36.15999984741211
ID94,1971-12-31,36.400001525878906
ID94,1972-12-31,39.540000915527344
ID94,1973-12-31,44.66999816894531
ID94,1974-12-31,48.400001525878906
ID94,1975-12-31,53.43000030517578
ID94,1976-12-31,55.900001525878906
ID94,1977-12-31,64.05999755859375
ID94,1978-12-31,69.0
ID95,1968-12-31,5.96999979019165
ID95,1969-12-31,3.890000104904175
ID95,1970-12-31,3.869999885559082
ID95,1971-12-31,1.6799999475479126
ID95,1972-12-31,3.7300000190734863
ID95,1973-12-31,2.7699999809265137
ID95,1974-12-31,5.309999942779541
ID95,1975-12-31,6.170000076293945
ID95,1976-12-31,7.019999980926514
ID95,1977-12-31,7.769999980926514
ID95,1978-12-31,13.40999984741211
ID96,1972-12-31,54.0
ID96,1973-12-31,58.0
ID96,1974-12-31,60.0
ID96,1975-12-31,62.0
ID96,1976-12-31,65.0
ID96,1977-12-31,68.0
ID96,1978-12-31,72.0
ID96,1979-12-31,76.0
ID96,1980-12-31,77.0
ID96,1981-12-31,78.0
ID96,1982-12-31,82.0
ID96,1983-12-31,87.0
ID96,1984-12-31,93.0
ID96,1985-12-31,100.0
ID96,1986-12-31,106.0
ID97,1972-12-31,56.369998931884766
ID97,1973-12-31,58.2400016784668
ID97,1974-12-31,54.54999923706055
ID97,1975-12-31,60.43000030517578
ID97,1976-12-31,66.47000122070312
ID97,1977-12-31,74.2699966430664
ID97,1978-12-31,63.31999969482422
ID97,1979-12-31,92.36000061035156
ID98,1960-12-31,96.0
ID98,1961-12-31,96.0
ID98,1962-12-31,80.0
ID98,1963-12-31,74.0
ID98,1964-12-31,85.0
ID98,1965-12-31,83.0
ID98,1966-12-31,95.0
ID98,1967-12-31,96.0
ID98,1968-12-31,78.0
ID98,1969-12-31,95.0
ID98,1970-12-31,85.0
ID98,1971-12-31,98.0
ID98,1972-12-31,87.0
ID98,1973-12-31,95.0
ID98,1974-12-31,100.0
ID98,1975-12-31,95.0
ID98,1976-12-31,100.0
ID98,1977-12-31,95.0
ID98,1978-12-31,89.0
ID98,1979-12-31,91.0
ID98,1980-12-31,100.0
ID98,1981-12-31,99.0
ID98,1982-12-31,99.0
ID98,1983-12-31,99.0
ID98,1984-12-31,99.0
ID98,1985-12-31,99.0
ID98,1986-12-31,99.0
ID98,1987-12-31,61.0
ID98,1988-12-31,76.0
ID98,1989-12-31,74.0
ID98,1990-12-31,90.0
ID98,1991-12-31,93.0
ID98,1992-12-31,102.0
ID98,1993-12-31,98.0
ID98,1994-12-31,103.0
ID99,1962-12-31,67.0
ID99,1963-12-31,60.0
ID99,1964-12-31,85.0
ID99,1965-12-31,96.0
ID99,1966-12-31,118.0
ID99,1967-12-31,117.0
ID99,1968-12-31,137.0
ID99,1969-12-31,120.0
ID99,1970-12-31,121.0
ID99,1971-12-31,133.0
ID99,1972-12-31,133.0
ID99,1973-12-31,115.0
ID99,1974-12-31,98.0
ID99,1975-12-31,107.0
ID99,1976-12-31,100.0
ID99,1977-12-31,96.0
ID99,1978-12-31,103.0
ID99,1979-12-31,109.0
ID99,1980-12-31,100.0
ID99,1981-12-31,100.0
ID99,1982-12-31,100.0
ID99,1983-12-31,100.0
ID99,1984-12-31,61.0
ID99,1985-12-31,54.0
ID99,1986-12-31,38.0
ID99,1987-12-31,50.0
ID99,1988-12-31,84.0
ID99,1989-12-31,99.0
ID99,1990-12-31,113.0
ID99,1991-12-31,122.0
ID99,1992-12-31,128.0
ID99,1993-12-31,143.0
ID99,1994-12-31,145.0
ID99,1995-12-31,146.0
ID99,1996-12-31,159.0
